word,transcription,definition,level,categories,raw
April,/ˈeɪprəl/,"The fourth month of the year.",A1,"Time;Months",
August,/ˈɔːɡəst/,"The eighth month of the year.",A1,"Time;Months",
CD,/ˌsiːˈdiː/,"Abbreviation for compact disc; a small plastic disc used to store digital data.",A1,"Technology;Objects;Abbreviations",
DVD,/ˌdiːviːˈdiː/,"Abbreviation for digital versatile disc; a type of compact disc able to store large amounts of data, such as a movie.",A1,"Technology;Objects;Abbreviations",
December,/dɪˈsɛmbər/,"The twelfth and final month of the year.",A1,"Time;Months",
February,/ˈfɛbruˌɛri/,"The second month of the year.",A1,"Time;Months",
Friday,/ˈfraɪdeɪ/,"The day of the week before Saturday and following Thursday.",A1,"Time;Days",
I,/aɪ/,"Used by a speaker to refer to himself or herself.",A1,"Pronouns;Grammar",
January,/ˈdʒænjuˌɛri/,"The first month of the year.",A1,"Time;Months",
July,/dʒʊˈlaɪ/,"The seventh month of the year.",A1,"Time;Months",
June,/dʒuːn/,"The sixth month of the year.",A1,"Time;Months",
March,/mɑːrtʃ/,"The third month of the year.",A1,"Time;Months",
May,/meɪ/,"The fifth month of the year.",A1,"Time;Months",
Monday,/ˈmʌndeɪ/,"The day of the week before Tuesday and following Sunday.",A1,"Time;Days",
November,/noʊˈvɛmbər/,"The eleventh month of the year.",A1,"Time;Months",
OK,/ˌoʊˈkeɪ/,"An expression of approval, agreement, or understanding.",A1,"Interjections;Phrases",
October,/ɒkˈtoʊbər/,"The tenth month of the year.",A1,"Time;Months",
September,/sɛpˈtɛmbər/,"The ninth month of the year.",A1,"Time;Months",
Sunday,/ˈsʌndeɪ/,"The day of the week before Monday and following Saturday.",A1,"Time;Days",
T-shirt,/ˈtiːˌʃɜːrt/,"A short-sleeved casual top, having the shape of a T when spread out flat.",A1,"Clothing;Objects",
TV,/ˌtiːˈviː/,"Abbreviation for television; a system for transmitting visual images and sound that are reproduced on screens.",A1,"Technology;Objects;House;Abbreviations",
Thursday,/ˈθɜːrzdeɪ/,"The day of the week before Friday and following Wednesday.",A1,"Time;Days",
Tuesday,/ˈtuːzdeɪ/,"The day of the week before Wednesday and following Monday.",A1,"Time;Days",
Wednesday,/ˈwɛnzdeɪ/,"The day of the week before Thursday and following Tuesday.",A1,"Time;Days",
about,/əˈbaʊt/,"On the subject of, or concerning.",A1,"Prepositions;Grammar",
above,/əˈbʌv/,"In or to a higher position than something else.",A1,"Prepositions;Grammar",
across,/əˈkrɔːs/,"From one side to the other of a place or area.",A1,"Prepositions;Grammar",
action,/ˈækʃən/,"The process of doing something to achieve an aim.",A1,"Nouns;General",
activity,/ækˈtɪvəti/,"A thing that a person or group does or has done.",A1,"Nouns;Leisure",
actor,/ˈæktər/,"A person whose profession is acting on the stage, in movies, or on television.",A1,"People;Professions;Arts",
actress,/ˈæktrəs/,"A woman whose profession is acting on the stage, in movies, or on television.",A1,"People;Professions;Arts",
add,/æd/,"To put something with another thing or group of things.",A1,"Verbs;Math",
address,/ˈæˌdrɛs/,"The particulars of the place where someone lives or an organization is situated.",A1,"Nouns;Places;Communication",
adult,/əˈdʌlt/,"A person who is fully grown or developed.",A1,"People;Family",
advice,/ədˈvaɪs/,"Guidance or recommendations offered with regard to prudent future action.",A1,"Nouns;Communication",
afraid,/əˈfreɪd/,"Feeling fear or anxiety; frightened.",A1,"Adjectives;Feelings",
after,/ˈæftər/,"During the period of time following an event.",A1,"Prepositions;Time;Grammar",
afternoon,/ˌæftərˈnuːn/,"The time from noon or lunchtime to evening.",A1,"Time;Nouns",
again,/əˈɡɛn/,"Another time; once more.",A1,"Adverbs;Time",
age,/eɪdʒ/,"The length of time that a person has lived or a thing has existed.",A1,"Nouns;Time;People",
ago,/əˈɡoʊ/,"Before the present; earlier.",A1,"Adverbs;Time",
agree,/əˈɡriː/,"To have the same opinion about something; to say that you have the same opinion.",A1,"Verbs;Communication",
air,/ɛər/,"The invisible gaseous substance surrounding the earth, a mixture mainly of oxygen and nitrogen.",A1,"Nouns;Nature",
airport,/ˈɛrˌpɔrt/,"A place where aircraft regularly take off and land, with buildings for passengers and staff.",A1,"Places;Travel",
all,/ɔːl/,"Used to refer to the whole quantity or extent of a particular group or thing.",A1,"Determiners;Grammar",
also,/ˈɔːlsoʊ/,"In addition; too.",A1,"Adverbs;Grammar",
always,/ˈɔːlweɪz/,"At all times; on all occasions.",A1,"Adverbs;Time",
amazing,/əˈmeɪzɪŋ/,"Causing great surprise or wonder; astonishing.",A1,"Adjectives;Feelings",
an,/ən/,"The form of the indefinite article 'a' used before words beginning with a vowel sound.",A1,"Articles;Grammar",
and,/ænd/,"Used to connect words, clauses, or sentences.",A1,"Conjunctions;Grammar",
angry,/ˈæŋɡri/,"Feeling or showing strong annoyance, displeasure, or hostility.",A1,"Adjectives;Feelings",
animal,/ˈænəməl/,"A living organism that feeds on organic matter, typically having specialized sense organs and nervous system.",A1,"Nouns;Animals;Nature",
another,/əˈnʌðər/,"Used to refer to an additional person or thing of the same type as one already mentioned.",A1,"Determiners;Grammar",
answer,/ˈænsər/,"A thing said, written, or done to deal with a question, statement, or situation.",A1,"Nouns;Verbs;Communication",
any,/ˈɛni/,"Used to refer to one or some of a thing or number of things, no matter how much or many.",A1,"Determiners;Grammar",
anyone,/ˈɛniˌwʌn/,"Any person or people.",A1,"Pronouns;Grammar",
anything,/ˈɛniˌθɪŋ/,"A thing of any kind.",A1,"Pronouns;Grammar",
apartment,/əˈpɑrtmənt/,"A suite of rooms forming one residence, typically in a building containing a number of these.",A1,"Places;House;Nouns",
apple,/ˈæpəl/,"A round fruit with firm, white flesh and a green or red skin.",A1,"Food;Plants;Nouns",
area,/ˈɛriə/,"A region or part of a town, a country, or the world.",A1,"Nouns;Places",
arm,/ɑːrm/,"Either of the two upper limbs of the human body from the shoulder to the hand.",A1,"Nouns;Body Parts",
around,/əˈraʊnd/,"Located or situated on every side.",A1,"Prepositions;Adverbs",
arrive,/əˈraɪv/,"To reach a place at the end of a journey or a stage in a journey.",A1,"Verbs;Travel",
art,/ɑːrt/,"The expression of human creative skill and imagination, producing works to be appreciated for their beauty or emotional power.",A1,"Nouns;Arts;Education",
article,/ˈɑːrtɪkl/,"A piece of writing included with others in a newspaper, magazine, or other publication.",A1,"Nouns;Media;Education",
artist,/ˈɑːrtɪst/,"A person who creates paintings, sculptures, or other art forms as a profession or hobby.",A1,"Nouns;People;Professions;Arts",
as,/æz/,"Used to indicate the function or role of a person or thing.",A1,"Prepositions;Conjunctions;Grammar",
ask,/æsk/,"To say something in order to obtain an answer or information.",A1,"Verbs;Communication",
at,/æt/,"Used to express location or arrival in a particular place or position.",A1,"Prepositions;Grammar",
aunt,/ænt/,"The sister of one's father or mother or the wife of one's uncle.",A1,"Nouns;Family;People",
autumn,/ˈɔːtəm/,"The season after summer and before winter, when leaves fall from the trees. Also called fall in North American English.",A1,"Nouns;Seasons;Time",
away,/əˈweɪ/,"To or at a distance from a particular place, person, or thing.",A1,"Adverbs;Places",
baby,/ˈbeɪbi/,"A very young child, especially one newly born or in infancy.",A1,"Nouns;Family;People",
back,/bæk/,"The rear surface of the human body from the shoulders to the hips.",A1,"Nouns;Adverbs;Body Parts",
bad,/bæd/,"Of poor quality or a low standard; unpleasant.",A1,"Adjectives;General",
bag,/bæɡ/,"A flexible container with an opening at the top, used for carrying things.",A1,"Nouns;Objects",
ball,/bɔːl/,"A solid or hollow spherical or ovoid object that is kicked, thrown, or hit in a game.",A1,"Nouns;Objects;Sports",
banana,/bəˈnænə/,"A long curved fruit which grows in clusters and has soft pulpy flesh and yellow skin when ripe.",A1,"Nouns;Food;Plants",
band,/bænd/,"A small group of musicians who play popular music together.",A1,"Nouns;Music;Arts",
bank,/bæŋk/,"A financial establishment that invests money deposited by customers, pays it out when required, makes loans, and exchanges currency.",A1,"Nouns;Places;Money",
bath,/bæθ/,"A large container for water, used for washing the body.",A1,"Nouns;House;Objects",
be,/biː/,"To exist or live; a fundamental verb used to describe a state of being or identity.",A1,"Verbs;Grammar",
beach,/biːtʃ/,"A pebbly or sandy shore, especially by the ocean, between high- and low-water marks.",A1,"Nouns;Places;Nature",
beautiful,/ˈbjuːtɪfəl/,"Pleasing the senses or mind aesthetically; very attractive.",A1,"Adjectives;Appearance",
because,/bɪˈkɔːz/,"Used to introduce a word or phrase that stands for a clause expressing a reason.",A1,"Conjunctions;Grammar",
become,/bɪˈkʌm/,"To begin to be; to turn into.",A1,"Verbs;General",
bed,/bɛd/,"A piece of furniture used for sleep or rest.",A1,"Nouns;House;Furniture",
bedroom,/ˈbɛdˌruːm/,"A room used for sleeping in.",A1,"Nouns;House;Places",
beer,/bɪər/,"An alcoholic drink made from yeast-fermented malt flavored with hops.",A1,"Nouns;Food;Drinks",
before,/bɪˈfɔːr/,"During the period of time preceding a particular event or time.",A1,"Prepositions;Adverbs;Time",
begin,/bɪˈɡɪn/,"To start, perform, or undergo the first part of an action or activity.",A1,"Verbs;General",
beginning,/bɪˈɡɪnɪŋ/,"The point in time or space at which something starts.",A1,"Nouns;Time",
behind,/bɪˈhaɪnd/,"At or to the far side or back side of something.",A1,"Prepositions;Adverbs;Places",
believe,/bɪˈliːv/,"To accept that something is true, especially without proof.",A1,"Verbs;Communication;Feelings",
below,/bɪˈloʊ/,"At a lower level, layer, or grade than.",A1,"Adverbs;Prepositions;Places",
best,/bɛst/,"Of the most excellent or desirable type or quality. The superlative form of 'good'.",A1,"Adjectives;Grammar",
better,/ˈbɛtər/,"Of a more excellent or effective type or quality. The comparative form of 'good'.",A1,"Adjectives;Grammar",
between,/bɪˈtwiːn/,"At, into, or across the space separating two objects, places, or points.",A1,"Prepositions;Grammar",
bicycle,/ˈbaɪsɪkl/,"A vehicle with two wheels held in a frame one behind the other, propelled by pedals.",A1,"Nouns;Transport;Objects",
big,/bɪɡ/,"Of considerable size, extent, or intensity.",A1,"Adjectives;Size",
bike,/baɪk/,"An informal word for a bicycle or motorcycle.",A1,"Nouns;Transport;Objects",
bill,/bɪl/,"A printed or written statement of the money owed for goods or services.",A1,"Nouns;Money;Shopping",
bird,/bɜːrd/,"A warm-blooded egg-laying vertebrate distinguished by the possession of feathers, wings, and a beak.",A1,"Nouns;Animals;Nature",
birthday,/ˈbɜːrθdeɪ/,"The anniversary of the day on which a person was born, typically treated as an occasion for celebration.",A1,"Nouns;Events;Time",
black,/blæk/,"Of the very darkest color owing to the absence of or complete absorption of light; the opposite of white.",A1,"Adjectives;Colors",
blog,/blɒɡ/,"A regularly updated website or web page, typically one run by an individual or small group, that is written in an informal or conversational style.",A1,"Nouns;Technology;Media",
blonde,/blɒnd/,"(Of hair) fair or pale yellow in color.",A1,"Adjectives;Colors;Appearance",
blue,/bluː/,"Of a color intermediate between green and violet, as of the sky on a clear day.",A1,"Adjectives;Colors",
boat,/boʊt/,"A vessel for travel on water, propelled by oars, sails, or an engine.",A1,"Nouns;Transport;Objects",
body,/ˈbɒdi/,"The physical structure, including the bones, flesh, and organs, of a person or an animal.",A1,"Nouns;Body Parts",
book,/bʊk/,"A written or printed work consisting of pages glued or sewn together along one side and bound in covers.",A1,"Nouns;Objects;Education",
boot,/buːt/,"A sturdy item of footwear covering the foot and ankle, and sometimes also the lower leg.",A1,"Nouns;Clothing;Objects",
bored,/bɔːrd/,"Feeling weary because one is unoccupied or lacks interest in one's current activity.",A1,"Adjectives;Feelings",
boring,/ˈbɔːrɪŋ/,"Not interesting; tedious.",A1,"Adjectives;Feelings",
born,/bɔːrn/,"Existing as a result of birth. Used as the past participle of 'bear'.",A1,"Verbs;People",
both,/boʊθ/,"Used to refer to two people or things, regarded and identified together.",A1,"Determiners;Grammar",
bottle,/ˈbɒtəl/,"A container, typically made of glass or plastic and with a narrow neck, used for holding liquids.",A1,"Nouns;Objects;Containers",
box,/bɒks/,"A container with a flat base and sides, typically square or rectangular and having a lid.",A1,"Nouns;Objects;Containers",
boy,/bɔɪ/,"A male child or young man.",A1,"Nouns;People;Family",
boyfriend,/ˈbɔɪfrɛnd/,"A person's regular male romantic or sexual partner.",A1,"Nouns;People;Relationships",
bread,/brɛd/,"A food made of flour, water, and yeast mixed together and baked.",A1,"Food;Nouns",
break,/breɪk/,"To separate into pieces as a result of a blow, shock, or strain.",A1,"Verbs;Actions",
breakfast,/ˈbrɛkfəst/,"The first meal of the day, eaten in the morning.",A1,"Food;Meals;Nouns",
bring,/brɪŋ/,"To take or carry someone or something to a place.",A1,"Verbs;Actions",
brother,/ˈbrʌðər/,"A man or boy with one or both parents in common with another person.",A1,"Family;People;Nouns",
brown,/braʊn/,"Of a color produced by mixing red, yellow, and blue, like that of soil or wood.",A1,"Colors;Adjectives",
build,/bɪld/,"To construct something by putting parts or materials together over a period of time.",A1,"Verbs;Actions",
building,/ˈbɪldɪŋ/,"A structure with a roof and walls, such as a house or factory.",A1,"Places;Nouns",
bus,/bʌs/,"A large motor vehicle carrying passengers by road, typically one serving the public on a fixed route.",A1,"Transport;Objects;Nouns",
business,/ˈbɪznəs/,"The activity of buying and selling goods and services; a person's regular occupation or trade.",A1,"Work;Money;Nouns",
busy,/ˈbɪzi/,"Having a great deal to do; occupied.",A1,"Adjectives;General",
but,/bʌt/,"Used to introduce a phrase or clause contrasting with what has already been mentioned.",A1,"Conjunctions;Grammar",
butter,/ˈbʌtər/,"A pale yellow edible fatty substance made by churning cream and used as a spread or in cooking.",A1,"Food;Nouns",
buy,/baɪ/,"To obtain something in exchange for payment.",A1,"Verbs;Shopping;Money",
by,/baɪ/,"Identifying the agent performing an action; indicating location, next to.",A1,"Prepositions;Grammar",
bye,/baɪ/,"An informal exclamation used when leaving.",A1,"Interjections;Communication",
cafe,/kæˈfeɪ/,"A small restaurant selling light meals and drinks.",A1,"Places;Food;Drinks",
cake,/keɪk/,"A sweet baked food made from a mixture of flour, sugar, eggs, and fat.",A1,"Food;Desserts;Nouns",
call,/kɔːl/,"To contact someone by phone; to give someone or something a name.",A1,"Verbs;Communication",
camera,/ˈkæmərə/,"A device for recording visual images in the form of photographs, film, or video signals.",A1,"Technology;Objects;Nouns",
can,/kæn/,"Used to express ability or to say that something is possible.",A1,"Verbs;Modals;Grammar",
capital,/ˈkæpɪtəl/,"The most important city in a country or region; a letter of the size and form used at the beginning of sentences and proper nouns.",A1,"Nouns;Places;Writing",
car,/kɑːr/,"A road vehicle, typically with four wheels, powered by an internal combustion engine or electric motor and able to carry a small number of people.",A1,"Nouns;Transport;Objects",
card,/kɑːrd/,"A piece of thick, stiff paper or thin pasteboard, in particular one used for writing or printing on; for example a credit card or a birthday card.",A1,"Nouns;Objects;Money",
career,/kəˈrɪər/,"An occupation undertaken for a significant period of a person's life and with opportunities for progress.",A1,"Nouns;Work",
carrot,/ˈkærət/,"A tapering orange-colored root eaten as a vegetable.",A1,"Nouns;Food;Plants",
carry,/ˈkæri/,"To support and move someone or something from one place to another.",A1,"Verbs;Actions",
cat,/kæt/,"A small domesticated carnivorous mammal with soft fur, a short snout, and retractable claws.",A1,"Nouns;Animals;Pets",
cent,/sɛnt/,"A monetary unit in various countries, equal to one hundredth of a dollar, euro, or other decimal currency unit.",A1,"Nouns;Money",
centre,/ˈsɛntər/,"The middle point or part of something. (British spelling for center).",A1,"Nouns;Places",
century,/ˈsɛnʧəri/,"A period of one hundred years.",A1,"Nouns;Time",
chair,/ʧɛər/,"A separate seat for one person, typically with a back and four legs.",A1,"Nouns;Furniture;House",
change,/ʧeɪnʤ/,"To make or become different.",A1,"Verbs;Nouns;Actions",
chart,/ʧɑːrt/,"A sheet of information in the form of a table, graph, or diagram.",A1,"Nouns;Data;Objects",
cheap,/ʧiːp/,"Low in price; worth more than its cost.",A1,"Adjectives;Money;Shopping",
check,/ʧɛk/,"To examine something in order to determine its accuracy, quality, or condition.",A1,"Verbs;Actions",
cheese,/ʧiːz/,"A food made from the pressed curds of milk.",A1,"Nouns;Food",
chicken,/ˈʧɪkɪn/,"A domestic fowl kept for its eggs or meat; the meat from this bird.",A1,"Nouns;Animals;Food",
child,/ʧaɪld/,"A young human being below the age of puberty or below the legal age of majority.",A1,"Nouns;People;Family",
chocolate,/ˈʧɔːklət/,"A food preparation in the form of a paste or solid block made from roasted and ground cacao seeds, typically sweetened.",A1,"Nouns;Food;Desserts",
choose,/ʧuːz/,"To decide on and pick one thing from a number of possibilities.",A1,"Verbs;Actions",
cinema,/ˈsɪnəmə/,"A building where movies are shown; a movie theater.",A1,"Places;Arts;Leisure",
city,/ˈsɪti/,"A large and important town.",A1,"Places;Nouns",
class,/klæs/,"A group of students who are taught together; a lesson.",A1,"Education;Nouns",
classroom,/ˈklæsruːm/,"A room in a school where a group of students is taught.",A1,"Education;Places;Nouns",
clean,/kliːn/,"Free from dirt or marks. Can also be a verb: to make something clean.",A1,"Adjectives;Verbs;House",
climb,/klaɪm/,"To go up something, especially by using your hands and feet.",A1,"Verbs;Actions;Sports",
clock,/klɒk/,"An instrument that shows the time, usually on a wall or shelf.",A1,"Objects;Time;House",
close,/kloʊz/,"To move something to cover an opening; to bring to an end.",A1,"Verbs;Actions",
clothes,/kloʊðz/,"Items worn to cover the body, such as shirts, pants, and dresses.",A1,"Clothing;Nouns",
club,/klʌb/,"A place for entertainment like dancing; a group of people with a common interest.",A1,"Places;Leisure;Groups",
coat,/koʊt/,"An outer piece of clothing with sleeves, worn outdoors.",A1,"Clothing;Nouns",
coffee,/ˈkɔːfi/,"A hot drink made from roasted and ground coffee beans.",A1,"Drinks;Food;Nouns",
cold,/koʊld/,"Of or at a low temperature. Can also be a noun: an illness.",A1,"Adjectives;Weather;Health",
college,/ˈkɒlɪdʒ/,"An institution for higher education or professional training.",A1,"Education;Places;Nouns",
colour,/ˈkʌlər/,"The appearance of objects as a result of the way they reflect light. (British spelling for color).",A1,"Nouns;Colors",
come,/kʌm/,"To move or travel towards the speaker or a specified place.",A1,"Verbs;Movement",
common,/ˈkɒmən/,"Occurring, found, or done often; prevalent.",A1,"Adjectives;General",
company,/ˈkʌmpəni/,"A commercial business.",A1,"Work;Business;Nouns",
compare,/kəmˈpɛər/,"To note the similarity or difference between things.",A1,"Verbs;Actions",
complete,/kəmˈpliːt/,"Having all the necessary or appropriate parts. Can also be a verb: to finish making or doing something.",A1,"Adjectives;Verbs",
computer,/kəmˈpjuːtər/,"An electronic device for storing and processing data, typically in binary form, according to instructions given to it in a variable program.",A1,"Technology;Objects;Nouns",
concert,/ˈkɒnsərt/,"A live music performance in front of an audience.",A1,"Events;Music;Arts",
conversation,/ˌkɒnvərˈseɪʃən/,"A talk, especially an informal one, between two or more people.",A1,"Communication;Nouns",
cook,/kʊk/,"To prepare food by heating it. Can also be a noun: a person who cooks.",A1,"Verbs;Food;Professions",
cooking,/ˈkʊkɪŋ/,"The process of preparing food using heat.",A1,"Nouns;Food;Hobbies",
cool,/kuːl/,"Of or at a fairly low temperature. Can also be an informal adjective for fashionable or impressive.",A1,"Adjectives;Weather;General",
correct,/kəˈrɛkt/,"Free from error; in accordance with fact or truth.",A1,"Adjectives;Verbs",
cost,/kɒst/,"The amount of money that must be paid to buy or do something. Can also be a verb.",A1,"Nouns;Verbs;Money;Shopping",
could,/kʊd/,"The past tense of the modal verb 'can', used to express possibility or ability.",A1,"Verbs;Modals;Grammar",
country,/ˈkʌntri/,"A nation with its own government, occupying a particular territory. Can also mean land outside of towns and cities.",A1,"Places;Geography;Nouns",
course,/kɔːrs/,"A series of lessons or lectures on a particular subject; a class.",A1,"Education;Nouns",
cousin,/ˈkʌzən/,"A child of one's uncle or aunt.",A1,"Family;People;Nouns",
cow,/kaʊ/,"A large domestic bovine animal kept for its milk or meat.",A1,"Animals;Farming;Nouns",
cream,/kriːm/,"The thick white or pale yellow fatty liquid which rises to the top of milk.",A1,"Food;Nouns",
create,/kriˈeɪt/,"To bring something into existence.",A1,"Verbs;Actions",
culture,/ˈkʌlʧər/,"The customs, arts, social institutions, and achievements of a particular nation, people, or group.",A1,"Society;Nouns",
cup,/kʌp/,"A small bowl-shaped container for drinking from, typically having a handle.",A1,"Objects;Containers;Drinks",
customer,/ˈkʌstəmər/,"A person who buys goods or services from a shop or business.",A1,"People;Shopping;Business",
cut,/kʌt/,"To make an opening or wound with a sharp-edged tool or object.",A1,"Verbs;Actions",
dance,/dɑːns/,"to move your body in a rhythmic way, usually to music, to express an emotion or enjoy yourself.",A1,"Verbs;Leisure;Hobbies",
dancer,/ˈdɑːn.sər/,"a person who dances professionally or for pleasure.",A1,"People;Professions;Hobbies",
dancing,/ˈdɑːn.sɪŋ/,"the activity of dancing for pleasure or as a performance.",A1,"Hobbies;Leisure;Nouns",
dangerous,/ˈdeɪn.dʒər.əs/,"able or likely to cause harm or injury.",A1,"Adjectives;General",
dark,/dɑːk/,"with little or no light.",A1,"Adjectives;Colors;Nature",
date,/deɪt/,"a particular day of the month or year, specified by a number.",A1,"Time;Nouns",
daughter,/ˈdɔː.tər/,"a person's female child.",A1,"Family;People;Nouns",
day,/deɪ/,"a period of 24 hours.",A1,"Time;Nouns",
dear,/dɪər/,"regarded with deep affection; cherished by someone.",A1,"Adjectives;Feelings;Relationships",
decide,/dɪˈsaɪd/,"to make a choice from a number of alternatives.",A1,"Verbs;Communication",
delicious,/dɪˈlɪʃ.əs/,"having a very pleasant taste or smell.",A1,"Adjectives;Food;Feelings",
describe,/dɪˈskraɪb/,"to give a detailed account in words of someone or something.",A1,"Verbs;Communication;Writing",
description,/dɪˈskrɪp.ʃən/,"a spoken or written representation or account of a person, object, or event.",A1,"Nouns;Communication;Writing",
design,/dɪˈzaɪn/,"a plan or drawing produced to show the look and function of something before it is built or made.",A1,"Nouns;Arts;Work",
desk,/desk/,"a piece of furniture with a flat top and, typically, drawers, at which one can read, write, or do other work.",A1,"Objects;Furniture;House",
detail,/ˈdiː.teɪl/,"an individual feature, fact, or item.",A1,"Nouns;Data;Writing",
dialogue,/ˈdaɪ.ə.lɒɡ/,"a conversation between two or more people as a feature of a book, play, or film.",A1,"Nouns;Communication;Writing",
dictionary,/ˈdɪk.ʃən.ər.i/,"a book or electronic resource that lists the words of a language in alphabetical order and gives their meaning.",A1,"Objects;Education;Writing",
die,/daɪ/,"to stop living.",A1,"Verbs;Health;General",
diet,/ˈdaɪ.ət/,"the kinds of food that a person, animal, or community habitually eats.",A1,"Nouns;Food;Health",
difference,/ˈdɪf.ər.əns/,"a point or way in which people or things are not the same.",A1,"Nouns;Math;General",
different,/ˈdɪf.ər.ənt/,"not the same as another or each other; unlike in nature, form, or quality.",A1,"Adjectives;General",
difficult,/ˈdɪf.ɪ.kəlt/,"needing much effort or skill to accomplish, deal with, or understand.",A1,"Adjectives;General",
dinner,/ˈdɪn.ər/,"the main meal of the day, taken either around midday or in the evening.",A1,"Nouns;Meals;Food",
dirty,/ˈdɜː.ti/,"covered or marked with an unclean substance.",A1,"Adjectives;General",
discuss,/dɪˈskʌs/,"to talk about something with a person or people.",A1,"Verbs;Communication;Work",
dish,/dɪʃ/,"a flat-bottomed container for cooking or serving food.",A1,"Nouns;Objects;Food",
do,/duː/,"to perform an action, the precise nature of which is often unspecified.",A1,"Verbs;Grammar",
doctor,/ˈdɒk.tər/,"a qualified practitioner of medicine; a physician.",A1,"Professions;Health;People",
dog,/dɒɡ/,"a domesticated carnivorous mammal that typically has a long snout, an acute sense of smell, and a barking, howling, or whining voice.",A1,"Animals;Pets;Nouns",
dollar,ˈdɒl.ər/,"the basic monetary unit of the US, Canada, Australia, and other countries.",A1,"Money;Nouns",
door,/dɔːr/,"a hinged, sliding, or revolving barrier at the entrance to a building, room, or vehicle.",A1,"House;Objects;Nouns",
down,/daʊn/,"towards or in a lower place or position.",A1,"Adverbs;Movement",
downstairs,/ˌdaʊnˈsteəz/,"down a flight of stairs; to or on a lower floor.",A1,"Adverbs;House;Movement",
draw,/drɔː/,"to produce a picture or diagram by making lines and marks on paper with a pen or pencil.",A1,"Verbs;Arts;Hobbies",
dress,/dres/,"a one-piece garment for a woman or girl that covers the body and extends down over the legs.",A1,"Clothing;Objects;Nouns",
drink,/drɪŋk/,"a liquid that can be swallowed as refreshment or nourishment.",A1,"Drinks;Food;Nouns",
drive,/draɪv/,"to operate and control the direction and speed of a motor vehicle.",A1,"Verbs;Transport;Actions",
driver,/ˈdraɪ.vər/,"a person who drives a vehicle.",A1,"People;Professions;Transport",
during,/ˈdʒʊə.rɪŋ/,"throughout the course or duration of a period of time.",A1,"Prepositions;Grammar;Time",
each,/iːtʃ/,"used to refer to every one of two or more people or things, regarded and identified separately.",A1,"Determiners;Grammar",
ear,/ɪər/,"the organ of hearing and balance in humans and other vertebrates.",A1,"Body Parts;Nouns",
early,/ˈɜː.li/,"happening or done before the usual or expected time.",A1,"Adjectives;Adverbs;Time",
east,/iːst/,"the direction from which the sun rises, on the right-hand side of a person facing north.",A1,"Geography;Nouns",
easy,/ˈiː.zi/,"achieved without great effort; presenting few difficulties.",A1,"Adjectives;General",
eat,/iːt/,"to put food into the mouth and chew and swallow it.",A1,"Verbs;Food;Actions",
egg,/eɡ/,"an oval or round object laid by female birds, reptiles, amphibians, etc., containing the germ of a new animal.",A1,"Food;Animals;Nouns",
eight,/eɪt/,"the number equivalent to the sum of seven and one; one more than seven.",A1,"Math;Nouns",
eighteen,/ˌeɪˈtiːn/,"the number equivalent to the sum of ten and eight; one more than seventeen.",A1,"Math;Nouns",
eighty,/ˈeɪ.ti/,"the number equivalent to the product of ten and eight; ten less than ninety.",A1,"Math;Nouns",
elephant,/ˈel.ɪ.fənt/,"a very large herbivorous mammal with a trunk, large ears, and tusks.",A1,"Animals;Nouns",
eleven,/ɪˈlev.ən/,"the number equivalent to the sum of ten and one; one more than ten.",A1,"Math;Nouns",
else,/els/,"in addition; besides.",A1,"Adverbs;Grammar",
email,/ˈiː.meɪl/,"a system for sending messages from one computer to another.",A1,"Technology;Communication;Nouns",
end,/end/,"the final part of something, especially a period of time, an activity, or a story.",A1,"Nouns;General",
enjoy,/ɪnˈdʒɔɪ/,"to take delight or pleasure in an activity or occasion.",A1,"Verbs;Feelings;Leisure",
enough,/ɪˈnʌf/,"as much or as many as is necessary or required.",A1,"Determiners;Adverbs;Grammar",
euro,/ˈjʊə.rəʊ/,"the single European currency.",A1,"Money;Nouns",
evening,/ˈiːv.nɪŋ/,"the period of time at the end of the day, usually from about 6 p.m. to bedtime.",A1,"Time;Nouns",
event,/ɪˈvent/,"a thing that happens or takes place, especially one of importance.",A1,"Events;Nouns",
ever,/ˈev.ər/,"at any time.",A1,"Adverbs;Time;Grammar",
every,/ˈev.ri/,"used to refer to all the individual members of a set without exception.",A1,"Determiners;Grammar",
everybody,/ˈev.riˌbɒd.i/,"every person.",A1,"Pronouns;People;Grammar",
everyone,/ˈev.ri.wʌn/,"every person.",A1,"Pronouns;People;Grammar",
everything,/ˈev.ri.θɪŋ/,"all things.",A1,"Pronouns;Grammar",
exam,/ɪɡˈzæm/,"a formal test of a person's knowledge or proficiency in a subject or skill.",A1,"Education;Nouns",
example,/ɪɡˈzɑːm.pəl/,"a thing characteristic of its kind or illustrating a general rule.",A1,"Education;Nouns;Communication",
excited,/ɪkˈsaɪ.tɪd/,"feeling very enthusiastic and eager.",A1,"Adjectives;Feelings",
exciting,/ɪkˈsaɪ.tɪŋ/,"causing great enthusiasm and eagerness.",A1,"Adjectives;Feelings",
exercise,/ˈek.sə.saɪz/,"activity requiring physical effort, carried out to sustain or improve health and fitness.",A1,"Sports;Health;Hobbies",
expensive,/ɪkˈspen.sɪv/,"costing a lot of money.",A1,"Adjectives;Money;Shopping",
explain,/ɪkˈspleɪn/,"to make an idea or situation clear to someone by describing it in more detail.",A1,"Verbs;Communication;Education",
extra,/ˈek.strə/,"added to an existing or usual amount or number.",A1,"Adjectives;General",
eye,/aɪ/,"each of a pair of globular organs in the head through which people and vertebrate animals see.",A1,"Body Parts;Nouns",
face,/feɪs/,"the front part of a person's head from the forehead to the chin.",A1,"Body Parts;Appearance;Nouns",
fact,/fækt/,"a thing that is known or proved to be true.",A1,"Nouns;Data",
fall,/fɔːl/,"to move downwards, typically rapidly and freely without control, from a higher to a lower level.",A1,"Verbs;Movement",
false,/fɔːls/,"not according with truth or fact; incorrect.",A1,"Adjectives;General",
family,/ˈfæm.əl.i/,"a group consisting of parents and children living together as a unit.",A1,"Family;People;Nouns",
famous,/ˈfeɪ.məs/,"known about by many people.",A1,"Adjectives;Society;People",
fantastic,/fænˈtæs.tɪk/,"extraordinarily good or attractive.",A1,"Adjectives;Feelings",
far,/fɑːr/,"at, to, or by a great distance.",A1,"Adverbs;Geography",
farm,/fɑːm/,"an area of land and its buildings, used for growing crops and rearing animals.",A1,"Farming;Places;Nouns",
farmer,/ˈfɑː.mər/,"a person who owns or manages a farm.",A1,"Professions;Farming;People",
fast,/fɑːst/,"moving or capable of moving at high speed.",A1,"Adjectives;Adverbs;Movement",
fat,/fæt/,"(of a person or animal) having a large amount of excess flesh.",A1,"Adjectives;Appearance;Body Parts",
father,/ˈfɑː.ðər/,"a man in relation to his natural child or children.",A1,"Family;People;Nouns",
favourite,/ˈfeɪ.vər.ɪt/,"preferred to all others of the same kind.",A1,"Adjectives;Feelings",
feel,/fiːl/,"to experience an emotion or sensation.",A1,"Verbs;Feelings",
feeling,/ˈfiː.lɪŋ/,"an emotional state or reaction.",A1,"Nouns;Feelings",
festival,/ˈfes.tɪ.vəl/,"a day or period of celebration, typically for religious reasons.",A1,"Events;Society;Nouns",
few,/fjuː/,"a small number of.",A1,"Determiners;Grammar",
fifteen,/ˌfɪfˈtiːn/,"the number equivalent to the sum of ten and five; one more than fourteen.",A1,"Math;Nouns",
fifth,/fɪfθ/,"constituting number five in a sequence; 5th.",A1,"Math;Nouns",
fifty,/ˈfɪf.ti/,"the number equivalent to the product of five and ten; half of one hundred.",A1,"Math;Nouns",
fill,/fɪl/,"to cause a space or container to become full or almost full.",A1,"Verbs;Actions",
film,/fɪlm/,"a story or event recorded by a camera as a set of moving images and shown in a cinema or on television; a movie.",A1,"Media;Leisure;Nouns",
final,/ˈfaɪ.nəl/,"coming at the end of a series.",A1,"Adjectives;General",
find,/faɪnd/,"to discover someone or something unexpectedly or by searching.",A1,"Verbs;Actions",
fine,/faɪn/,"of high quality; good.",A1,"Adjectives;Feelings",
finish,/ˈfɪn.ɪʃ/,"to bring a task or activity to an end; complete.",A1,"Verbs;Actions",
fire,/faɪər/,"combustion or burning, in which substances combine chemically with oxygen from the air and typically give out bright light, heat, and smoke.",A1,"Nature;Nouns",
first,/fɜːst/,"coming before all others in time or order; 1st.",A1,"Math;Determiners;Nouns",
fish,/fɪʃ/,"a limbless cold-blooded vertebrate animal with gills and fins living wholly in water.",A1,"Animals;Food;Nouns",
five,/faɪv/,"the number equivalent to the sum of two and three; one more than four.",A1,"Math;Nouns",
flat,/flæt/,"a set of rooms forming an individual residence, typically on one floor and within a larger building.",A1,"Places;House;Nouns",
flight,/flaɪt/,"the action or process of flying through the air.",A1,"Travel;Transport;Nouns",
floor,/flɔːr/,"the lower surface of a room, on which one may walk.",A1,"House;Objects;Nouns",
flower,/ˈflaʊ.ər/,"the seed-bearing part of a plant, consisting of reproductive organs that are typically surrounded by a brightly coloured corolla.",A1,"Plants;Nature;Nouns",
fly,/flaɪ/,"to move through the air using wings.",A1,"Verbs;Movement;Transport",
follow,/ˈfɒl.əʊ/,"to go or come after a person or thing proceeding in front.",A1,"Verbs;Movement",
food,/fuːd/,"any nutritious substance that people or animals eat or drink in order to maintain life and growth.",A1,"Food;Nouns",
foot,/fʊt/,"the part of the body at the bottom of the leg on which a person stands.",A1,"Body Parts;Nouns",
football,/ˈfʊt.bɔːl/,"a game played by two teams of eleven players with a round ball that may not be touched with the hands or arms during play except by the goalkeepers.",A1,"Sports;Hobbies;Nouns",
for,/fɔːr/,"indicating the purpose or reason for an action or activity.",A1,"Prepositions;Grammar",
forget,/fəˈɡet/,"to fail to remember.",A1,"Verbs;General",
form,/fɔːm/,"the visible shape or configuration of something.",A1,"Nouns;General;Writing",
forty,/ˈfɔː.ti/,"the number equivalent to the product of four and ten; four times ten.",A1,"Math;Nouns",
four,/fɔːr/,"the number equivalent to the sum of three and one; one more than three.",A1,"Math;Nouns",
fourteen,/ˌfɔːˈtiːn/,"the number equivalent to the sum of ten and four; one more than thirteen.",A1,"Math;Nouns",
fourth,/fɔːθ/,"constituting number four in a sequence; 4th.",A1,"Math;Nouns",
free,/friː/,"able to act or be done as one wishes; not under the control of another.",A1,"Adjectives;General",
friend,/frend/,"a person whom one knows and with whom one has a bond of mutual affection.",A1,"People;Relationships;Nouns",
friendly,/ˈfrend.li/,"kind and pleasant.",A1,"Adjectives;Feelings;Relationships",
from,/frɒm/,"indicating the point in space at which a journey, motion, or action starts.",A1,"Prepositions;Grammar",
fruit,/fruːt/,"the sweet, fleshy product of a tree or other plant that contains seed and can be eaten as food.",A1,"Food;Plants;Nouns",
full,/fʊl/,"containing or holding as much or as many as possible; having no empty space.",A1,"Adjectives;General",
fun,/fʌn/,"enjoyment, amusement, or light-hearted pleasure.",A1,"Nouns;Feelings;Leisure",
funny,/ˈfʌn.i/,"causing laughter or amusement; humorous.",A1,"Adjectives;Feelings;Communication",
future,/ˈfjuː.tʃər/,"the time or a period of time following the moment of speaking or writing; time regarded as still to come.",A1,"Time;Nouns",
game,/ɡeɪm/,"an activity that one engages in for amusement or fun.",A1,"Sports;Hobbies;Leisure",
garden,/ˈɡɑː.dən/,"a piece of ground, often near a house, used for growing flowers, fruit, or vegetables.",A1,"Places;House;Nature",
geography,/dʒiˈɒɡ.rə.fi/,"the study of the physical features of the earth and its atmosphere.",A1,"Education;Geography;Nouns",
get,/ɡet/,"to receive, obtain, or buy something.",A1,"Verbs;Actions",
girl,/ɡɜːl/,"a female child.",A1,"People;Nouns",
girlfriend,/ˈɡɜːl.frend/,"a person's regular female romantic or sexual partner.",A1,"People;Relationships;Nouns",
give,/ɡɪv/,"to freely transfer the possession of something to someone.",A1,"Verbs;Actions",
glass,/ɡlɑːs/,"a hard, brittle substance, typically transparent or translucent, made by fusing sand with soda and lime.",A1,"Objects;Containers;Nouns",
go,/ɡəʊ/,"to move from one place to another; travel.",A1,"Verbs;Movement",
good,/ɡʊd/,"to be desired or approved of; of high quality.",A1,"Adjectives;Feelings",
goodbye,/ˌɡʊdˈbaɪ/,"an expression used to say farewell when you or the other person is leaving.",A1,"Interjections;Phrases",
grandfather,/ˈɡræn.fɑː.ðər/,"the father of one's father or mother.",A1,"Family;People;Nouns",
grandmother,/ˈɡræn.mʌð.ər/,"the mother of one's father or mother.",A1,"Family;People;Nouns",
grandparent,/ˈɡræn.peə.rənt/,"a parent of one's father or mother.",A1,"Family;People;Nouns",
great,/ɡreɪt/,"of an extent, amount, or intensity considerably above the normal or average; very good.",A1,"Adjectives;Feelings",
green,/ɡriːn/,"the color between blue and yellow in the spectrum; a primary subtractive color.",A1,"Colors;Adjectives;Nouns",
grey,/ɡreɪ/,"the color intermediate between black and white.",A1,"Colors;Adjectives;Nouns",
group,/ɡruːp/,"a number of people or things that are located, gathered, or classed together.",A1,"Groups;Nouns",
grow,/ɡrəʊ/,"(of a living thing) to undergo natural development by increasing in size and changing physically.",A1,"Verbs;Nature;Actions",
guess,/ɡes/,"to estimate or suppose (something) without sufficient information to be sure of being correct.",A1,"Verbs;Communication",
guitar,/ɡɪˈtɑːr/,"a stringed musical instrument with a fretted fingerboard, typically incurved sides, and six or twelve strings, played by plucking or strumming.",A1,"Music;Objects;Hobbies",
gym,/dʒɪm/,"a gymnasium; a place equipped for gymnastics, games, and other physical exercise.",A1,"Places;Sports;Health",
hair,/heər/,"any of the fine threadlike strands growing from the skin of humans, mammals, and some other animals.",A1,"Body Parts;Appearance;Nouns",
half,/hɑːf/,"either of two equal or corresponding parts into which something is or can be divided.",A1,"Math;Nouns",
hand,/hænd/,"the end part of a person's arm beyond the wrist, including the palm, fingers, and thumb.",A1,"Body Parts;Nouns",
happen,/ˈhæp.ən/,"to take place; occur.",A1,"Verbs;General",
happy,/ˈhæp.i/,"feeling or showing pleasure or contentment.",A1,"Adjectives;Feelings",
hard,/hɑːd/,"solid, firm, and rigid; not easily broken, bent, or pierced.",A1,"Adjectives;General",
hat,/hæt/,"a shaped covering for the head worn for warmth, as a fashion item, or as part of a uniform.",A1,"Clothing;Objects;Nouns",
hate,/heɪt/,"to feel intense or passionate dislike for someone or something.",A1,"Verbs;Feelings",
have,/hæv/,"to possess, own, or hold.",A1,"Verbs;Grammar",
he,/hiː/,"used to refer to a man, boy, or male animal previously mentioned or easily identified.",A1,"Pronouns;Grammar",
head,/hed/,"the upper part of the human body, or the front or upper part of the body of an animal, typically separated from the rest of the body by a neck.",A1,"Body Parts;Nouns",
health,/helθ/,"the state of being free from illness or injury.",A1,"Health;Nouns",
healthy,/ˈhel.θi/,"in a good physical or mental condition; in good health.",A1,"Adjectives;Health",
hear,/hɪər/,"to perceive with the ear the sound made by someone or something.",A1,"Verbs;Actions",
hello,/həˈləʊ/,"used as a greeting or to begin a telephone conversation.",A1,"Interjections;Phrases",
help,/help/,"to make it easier or possible for someone to do something by offering one's services or resources.",A1,"Verbs;Actions",
her,/hɜːr/,"used as the object of a verb or preposition to refer to a female person or animal previously mentioned.",A1,"Pronouns;Grammar",
here,/hɪər/,"in, at, or to this place or position.",A1,"Adverbs;Places",
hey,/heɪ/,"used to attract attention, to express surprise, interest, or annoyance, or as a greeting.",A1,"Interjections;Phrases",
hi,/haɪ/,"used as a friendly greeting.",A1,"Interjections;Phrases",
high,/haɪ/,"of great vertical extent.",A1,"Adjectives;Size",
him,/hɪm/,"used as the object of a verb or preposition to refer to a male person or animal previously mentioned.",A1,"Pronouns;Grammar",
his,/hɪz/,"belonging to or associated with a male person or animal previously mentioned.",A1,"Determiners;Grammar",
history,/ˈhɪs.tər.i/,"the study of past events, particularly in human affairs.",A1,"Education;Nouns",
hobby,/ˈhɒb.i/,"an activity done regularly in one's leisure time for pleasure.",A1,"Hobbies;Leisure;Nouns",
holiday,/ˈhɒl.ɪ.deɪ/,"an extended period of leisure and recreation, especially one spent away from home or in travelling.",A1,"Time;Leisure;Events",
home,/həʊm/,"the place where one lives permanently, especially as a member of a family or household.",A1,"Places;House;Nouns",
homework,/ˈhəʊm.wɜːk/,"schoolwork that a student is required to do at home.",A1,"Education;Work;Nouns",
hope,/həʊp/,"to want something to happen or be true, and usually have a good reason to think that it might.",A1,"Verbs;Feelings",
horse,/hɔːs/,"a large plant-eating domesticated mammal with solid hoofs and a flowing mane and tail, used for riding, racing, and to carry and pull loads.",A1,"Animals;Farming;Nouns",
hospital,/ˈhɒs.pɪ.təl/,"an institution providing medical and surgical treatment and nursing care for sick or injured people.",A1,"Places;Health;Nouns",
hot,/hɒt/,"having a high degree of heat or a high temperature.",A1,"Adjectives;Weather;Food",
hotel,/həʊˈtel/,"an establishment providing accommodation, meals, and other services for travellers and tourists.",A1,"Places;Travel;Nouns",
hour,/ˈaʊər/,"a period of time equal to a twenty-fourth part of a day and night and divided into 60 minutes.",A1,"Time;Nouns",
house,/haʊs/,"a building for human habitation, especially one that is lived in by a family or small group of people.",A1,"House;Places;Nouns",
how,/haʊ/,"in what way or manner; by what means.",A1,"Adverbs;Grammar",
however,/haʊˈev.ər/,"used to introduce a statement that contrasts with or seems to contradict something that has been said previously.",A1,"Adverbs;Conjunctions;Grammar",
hundred,/ˈhʌn.drəd/,"the number equivalent to the product of ten and ten; ten more than ninety.",A1,"Math;Nouns",
hungry,/ˈhʌŋ.ɡri/,"feeling or displaying the need for food.",A1,"Adjectives;Feelings;Health",
husband,/ˈhʌz.bənd/,"a married man in relation to his wife.",A1,"Family;People;Nouns",
ice cream,/ˌaɪs ˈkriːm/,"a soft, sweet frozen food made with milk and cream.",A1,"Food;Desserts;Nouns",
idea,/aɪˈdɪə/,"a thought or suggestion as to a possible course of action.",A1,"Nouns;Communication",
if,/ɪf/,"introducing a conditional clause.",A1,"Conjunctions;Grammar",
imagine,/ɪˈmædʒ.ɪn/,"to form a mental image or concept of.",A1,"Verbs;General",
important,/ɪmˈpɔː.tənt/,"of great significance or value.",A1,"Adjectives;General",
improve,/ɪmˈpruːv/,"to make or become better.",A1,"Verbs;Actions",
in,/ɪn/,"expressing the situation of something that is or appears to be enclosed or surrounded by something else.",A1,"Prepositions;Grammar",
include,/ɪnˈkluːd/,"to comprise or contain as part of a whole.",A1,"Verbs;General",
information,/ˌɪn.fəˈmeɪ.ʃən/,"facts provided or learned about something or someone.",A1,"Data;Communication;Nouns",
interest,/ˈɪn.trəst/,"the feeling of wanting to know or learn about something or someone.",A1,"Nouns;Feelings",
interested,/ˈɪn.trə.stɪd/,"showing curiosity or concern about something or someone.",A1,"Adjectives;Feelings",
interesting,/ˈɪn.trə.stɪŋ/,"arousing curiosity or interest; holding or catching the attention.",A1,"Adjectives;Feelings",
internet,/ˈɪn.tə.net/,"the global computer network providing a variety of information and communication facilities.",A1,"Technology;Communication;Nouns",
interview,/ˈɪn.tə.vjuː/,"a formal meeting in which one or more persons question, consult, or evaluate another person.",A1,"Work;Communication;Nouns",
into,/ˈɪn.tuː/,"expressing movement or action with the result that someone or something becomes enclosed or surrounded by something else.",A1,"Prepositions;Grammar",
introduce,/ˌɪn.trəˈdjuːs/,"to bring something, especially a product, measure, or concept, into use or operation for the first time.",A1,"Verbs;Communication",
island,/ˈaɪ.lənd/,"a piece of land completely surrounded by water.",A1,"Geography;Nature;Places",
it,/ɪt/,"used to refer to a thing previously mentioned or easily identified.",A1,"Pronouns;Grammar",
its,/ɪts/,"belonging to or associated with a thing previously mentioned or easily identified.",A1,"Determiners;Grammar",
jacket,/ˈdʒæk.ɪt/,"a short coat, in particular.",A1,"Clothing;Objects;Nouns",
jeans,/dʒiːnz/,"hard-wearing casual trousers made of denim or other cotton fabric.",A1,"Clothing;Nouns",
job,/dʒɒb/,"a paid position of regular employment.",A1,"Work;Nouns",
join,/dʒɔɪn/,"to link; connect.",A1,"Verbs;Actions",
journey,/ˈdʒɜː.ni/,"an act of travelling from one place to another.",A1,"Travel;Nouns",
juice,/dʒuːs/,"the liquid obtained from or present in fruit or vegetables.",A1,"Drinks;Food;Nouns",
just,/dʒʌst/,"exactly or only.",A1,"Adverbs;Grammar",
keep,/kiːp/,"to have or retain possession of.",A1,"Verbs;Actions",
key,/kiː/,"a small piece of shaped metal with incisions cut to fit the wards of a particular lock, which is inserted into a lock and turned to open or close it.",A1,"Objects;House;Nouns",
kilometre,/ˈkɪl.əˌmiː.tər/,"a metric unit of length, equal to 1,000 metres.",A1,"Math;Nouns",
kind,/kaɪnd/,"a class or type of people or things having similar characteristics.",A1,"Nouns;General",
kitchen,/ˈkɪtʃ.ən/,"a room or area equipped for preparing and cooking food.",A1,"House;Places;Nouns",
know,/nəʊ/,"to have knowledge or information about something.",A1,"Verbs;General",
land,/lænd/,"the part of the earth's surface that is not covered by water, as opposed to the sea or the air.",A1,"Geography;Nature;Nouns",
language,/ˈlæŋ.ɡwɪdʒ/,"the method of human communication, either spoken or written, consisting of the use of words in a structured and conventional way.",A1,"Communication;Education;Nouns",
large,/lɑːdʒ/,"of considerable or relatively great size, extent, or capacity.",A1,"Adjectives;Size",
last,/lɑːst/,"coming after all others in time or order; final.",A1,"Adjectives;Determiners;Time",
late,/leɪt/,"doing something or happening after the expected, usual, or proper time.",A1,"Adjectives;Adverbs;Time",
later,/ˈleɪ.tər/,"at a time in the future or after the time you have mentioned.",A1,"Adverbs;Time",
laugh,/lɑːf/,"to make the spontaneous sounds and movements of the face and body that are the instinctive expressions of lively amusement.",A1,"Verbs;Feelings;Communication",
learn,/lɜːn/,"to gain or acquire knowledge of or skill in something by study, experience, or being taught.",A1,"Verbs;Education",
leave,/liːv/,"to go away from.",A1,"Verbs;Movement",
left,/left/,"on, towards, or relating to the side of a human body or of a thing that is to the west when the person or thing is facing north.",A1,"Adjectives;Movement",
leg,/leɡ/,"each of the limbs on which a person or animal walks and stands.",A1,"Body Parts;Nouns",
lesson,/ˈles.ən/,"a period of time during which a person is taught about a subject or how to do something.",A1,"Education;Nouns",
let,/let/,"to not prevent or forbid; allow.",A1,"Verbs;Modals;Grammar",
letter,/ˈlet.ər/,"a written, typed, or printed communication, sent in an envelope by post or messenger.",A1,"Writing;Communication;Nouns",
library,/ˈlaɪ.brər.i/,"a building or room containing collections of books, periodicals, and sometimes films and recorded music for people to read, borrow, or refer to.",A1,"Places;Education;Nouns",
lie,/laɪ/,"(of a person or animal) to be in or assume a horizontal or resting position on a supporting surface.",A1,"Verbs;Actions",
life,/laɪf/,"the condition that distinguishes animals and plants from inorganic matter, including the capacity for growth, reproduction, and functional activity.",A1,"Nouns;General",
light,/laɪt/,"the natural agent that stimulates sight and makes things visible; electromagnetic radiation.",A1,"Nouns;Nature",
like,/laɪk/,"similar to; resembling.",A1,"Prepositions;Grammar",
line,/laɪn/,"a long, narrow mark or band.",A1,"Nouns;Writing;Math",
lion,/ˈlaɪ.ən/,"a large carnivorous feline mammal of Africa and India, having a tawny coat with a shaggy mane in the male.",A1,"Animals;Nouns",
list,/lɪst/,"a number of connected items or names written or printed consecutively.",A1,"Nouns;Writing;Data",
listen,/ˈlɪs.ən/,"to give one's attention to a sound.",A1,"Verbs;Actions",
little,/ˈlɪt.əl/,"small in size, amount, or degree.",A1,"Adjectives;Size",
live,/lɪv/,"to remain alive.",A1,"Verbs;General",
local,/ˈləʊ.kəl/,"relating or restricted to a particular area or neighbourhood.",A1,"Adjectives;Places;Geography",
long,/lɒŋ/,"measuring a great distance from end to end.",A1,"Adjectives;Size",
look,/lʊk/,"to direct one's gaze towards someone or something or in a specified direction.",A1,"Verbs;Actions",
lose,/luːz/,"to be deprived of or cease to have or retain something.",A1,"Verbs;General",
lot,/lɒt/,"a large number or amount; a great deal.",A1,"Nouns;Pronouns;Grammar",
love,/lʌv/,"an intense feeling of deep affection.",A1,"Nouns;Verbs;Feelings",
lunch,/lʌntʃ/,"a meal eaten in the middle of the day.",A1,"Meals;Food;Nouns",
machine,/məˈʃiːn/,"a mechanical or electrical device that transmits or modifies energy to perform or assist in the performance of human tasks.",A1,"Technology;Objects;Nouns",
magazine,/ˌmæɡ.əˈziːn/,"a periodical publication containing articles and illustrations, typically covering a particular subject or area of interest.",A1,"Media;Writing;Nouns",
main,/meɪn/,"chief in size or importance.",A1,"Adjectives;General",
make,/meɪk/,"to form something by putting parts together or combining substances; create.",A1,"Verbs;Actions",
man,/mæn/,"an adult male human being.",A1,"People;Nouns",
many,/ˈmen.i/,"a large number of.",A1,"Determiners;Grammar",
map,/mæp/,"a diagrammatic representation of an area of land or sea showing physical features, cities, roads, etc.",A1,"Geography;Objects;Nouns",
market,/ˈmɑː.kɪt/,"a regular gathering of people for the purchase and sale of provisions, livestock, and other commodities.",A1,"Places;Shopping;Nouns",
married,/ˈmær.id/,"united in marriage.",A1,"Adjectives;Relationships",
match,/mætʃ/,"a contest in which people or teams compete against each other in a particular sport.",A1,"Sports;Events;Nouns",
maybe,/ˈmeɪ.bi/,"perhaps; possibly.",A1,"Adverbs;Grammar",
me,/miː/,"used by a speaker to refer to himself or herself as the object of a verb or preposition.",A1,"Pronouns;Grammar",
meal,/miːl/,"any of the regular occasions in a day when a reasonably large amount of food is eaten, such as breakfast, lunch, or dinner.",A1,"Meals;Food;Nouns",
mean,/miːn/,"to intend to convey, indicate, or refer to a particular thing or notion; signify.",A1,"Verbs;Communication",
meaning,/ˈmiː.nɪŋ/,"what is meant by a word, text, concept, or action.",A1,"Communication;Nouns",
meat,/miːt/,"the flesh of an animal, typically a mammal or bird, as food.",A1,"Food;Nouns",
meet,/miːt/,"to arrange to be in the same place as someone at a particular time.",A1,"Verbs;Actions",
meeting,/ˈmiː.tɪŋ/,"an occasion when people come together, either formally or informally.",A1,"Events;Work;Nouns",
member,/ˈmem.bər/,"a person who belongs to a group or an organization.",A1,"People;Groups;Nouns",
menu,/ˈmen.juː/,"a list of dishes available in a restaurant.",A1,"Food;Writing;Objects",
message,/ˈmes.ɪdʒ/,"a short piece of information that you give to a person when you cannot speak to them directly.",A1,"Communication;Writing;Nouns",
metre,/ˈmiː.tər/,"the fundamental unit of length in the metric system, equal to 100 centimetres.",A1,"Math;Nouns",
midnight,/ˈmɪd.naɪt/,"twelve o'clock at night.",A1,"Time;Nouns",
mile,/maɪl/,"a unit of linear measure equal to 1,760 yards (approximately 1.609 kilometres).",A1,"Math;Nouns",
milk,/mɪlk/,"an opaque white fluid rich in fat and protein, secreted by female mammals for the nourishment of their young.",A1,"Food;Drinks;Nouns",
million,/ˈmɪl.jən/,"the number equivalent to the product of a thousand and a thousand; 1,000,000.",A1,"Math;Nouns",
minute,/ˈmɪn.ɪt/,"a period of time equal to sixty seconds or a sixtieth of an hour.",A1,"Time;Nouns",
miss,/mɪs/,"to fail to hit, reach, or hold something.",A1,"Verbs;Actions",
mistake,/mɪˈsteɪk/,"an action or judgment that is misguided or wrong.",A1,"Nouns;General",
model,/ˈmɒd.əl/,"a three-dimensional representation of a person or thing or of a proposed structure, typically on a smaller scale than the original.",A1,"Objects;Nouns",
modern,/ˈmɒd.ən/,"relating to the present or recent times as opposed to the remote past.",A1,"Adjectives;Time",
moment,/ˈməʊ.mənt/,"a very brief period of time.",A1,"Time;Nouns",
money,/ˈmʌn.i/,"a current medium of exchange in the form of coins and banknotes.",A1,"Money;Nouns",
month,/mʌnθ/,"each of the twelve named periods into which a year is divided.",A1,"Time;Months;Nouns",
more,/mɔːr/,"a greater or additional amount or degree.",A1,"Determiners;Adverbs;Grammar",
morning,/ˈmɔː.nɪŋ/,"the period of time between midnight and noon, especially from sunrise to noon.",A1,"Time;Nouns",
most,/məʊst/,"greatest in amount or degree.",A1,"Determiners;Adverbs;Grammar",
mother,/ˈmʌð.ər/,"a woman in relation to her child or children.",A1,"Family;People;Nouns",
mountain,/ˈmaʊn.tɪn/,"a large natural elevation of the earth's surface rising abruptly from the surrounding level; a large steep hill.",A1,"Nature;Geography;Nouns",
mouse,/maʊs/,"a small rodent that typically has a pointed snout, relatively large ears and eyes, and a long tail.",A1,"Animals;Nouns",
mouth,/maʊθ/,"the opening in the lower part of the human face, surrounded by the lips, through which food is taken in and from which speech and other sounds are emitted.",A1,"Body Parts;Nouns",
move,/muːv/,"to go in a specified direction or manner; change position.",A1,"Verbs;Movement",
movie,/ˈmuː.vi/,"a film.",A1,"Media;Leisure;Nouns",
much,/mʌtʃ/,"a large amount.",A1,"Determiners;Adverbs;Grammar",
mum,/mʌm/,"a mother.",A1,"Family;People;Nouns",
museum,/mjuːˈziː.əm/,"a building in which objects of historical, scientific, artistic, or cultural interest are stored and exhibited.",A1,"Places;Arts;Education",
music,/ˈmjuː.zɪk/,"vocal or instrumental sounds combined in such a way as to produce beauty of form, harmony, and expression of emotion.",A1,"Music;Arts;Hobbies",
must,/mʌst/,"used to express necessity or obligation.",A1,"Modals;Verbs;Grammar",
my,/maɪ/,"belonging to or associated with the speaker.",A1,"Determiners;Grammar",
name,/neɪm/,"a word or set of words by which a person or thing is known, addressed, or referred to.",A1,"Nouns;Communication",
natural,/ˈnætʃ.ər.əl/,"existing in or derived from nature; not made or caused by humankind.",A1,"Adjectives;Nature",
near,/nɪər/,"at or to a short distance away; a short way off.",A1,"Prepositions;Adverbs;Geography",
need,/niːd/,"to require something because it is essential or very important.",A1,"Verbs;General",
negative,/ˈneɡ.ə.tɪv/,"expressing or implying refusal, disagreement, or dissent.",A1,"Adjectives;Grammar",
neighbour,/ˈneɪ.bər/,"a person living next door to or very near to the speaker or person referred to.",A1,"People;Nouns",
never,/ˈnev.ər/,"at no time in the past or future; on no occasion; not ever.",A1,"Adverbs;Time;Grammar",
new,/njuː/,"produced, introduced, or discovered recently or now for the first time.",A1,"Adjectives;General",
news,/njuːz/,"newly received or noteworthy information, especially about recent events.",A1,"Media;Communication;Nouns",
newspaper,/ˈnjuːzˌpeɪ.pər/,"a printed publication consisting of folded unstapled sheets and containing news, articles, advertisements, and correspondence.",A1,"Media;Writing;Objects",
next,/nekst/,"coming immediately after the present one in time, order, or space.",A1,"Adjectives;Adverbs;Time",
nice,/naɪs/,"pleasant; agreeable; satisfactory.",A1,"Adjectives;Feelings",
night,/naɪt/,"the period from sunset to sunrise in each twenty-four hours.",A1,"Time;Nouns",
nine,/naɪn/,"the number equivalent to the sum of six and three; one more than eight.",A1,"Math;Nouns",
nineteen,/ˌnaɪnˈtiːn/,"the number equivalent to the sum of ten and nine; one more than eighteen.",A1,"Math;Nouns",
ninety,/ˈnaɪn.ti/,"the number equivalent to the product of nine and ten; 90.",A1,"Math;Nouns",
no,/nəʊ/,"used to give a negative response.",A1,"Interjections;Grammar",
nobody,/ˈnəʊ.bə.di/,"no person; no one.",A1,"Pronouns;People;Grammar",
north,/nɔːθ/,"the direction in which a compass needle normally points, towards the horizon on the left-hand side of a person facing east.",A1,"Geography;Nouns",
nose,/nəʊz/,"the part of the face or head that projects above the mouth and contains the nostrils, used for breathing and smelling.",A1,"Body Parts;Nouns",
not,/nɒt/,"used with an auxiliary verb or ‘be’ to form the negative.",A1,"Adverbs;Grammar",
note,/nəʊt/,"a brief record of facts, topics, or thoughts, written down as an aid to memory.",A1,"Writing;Nouns",
nothing,/ˈnʌθ.ɪŋ/,"not anything; no single thing.",A1,"Pronouns;Grammar",
now,/naʊ/,"at the present time or moment.",A1,"Adverbs;Time",
nurse,/nɜːs/,"a person trained to care for the sick or infirm, especially in a hospital.",A1,"Professions;Health;People",
object,/ˈɒb.dʒekt/,"a material thing that can be seen and touched.",A1,"Objects;Nouns",
of,/ɒv/,"expressing the relationship between a part and a whole.",A1,"Prepositions;Grammar",
off,/ɒf/,"away from the place in question; to or at a distance.",A1,"Adverbs;Prepositions;Grammar",
office,/ˈɒf.ɪs/,"a room, set of rooms, or building used as a place for commercial, professional, or bureaucratic work.",A1,"Work;Places;Nouns",
often,/ˈɒf.ən/,"frequently; many times.",A1,"Adverbs;Time",
oh,/əʊ/,"used to express a range of emotions including surprise, anger, disappointment, or joy.",A1,"Interjections;Phrases",
old,/əʊld/,"having lived for a long time; no longer young.",A1,"Adjectives;Time",
on,/ɒn/,"physically in contact with and supported by a surface.",A1,"Prepositions;Grammar",
once,/wʌns/,"on one occasion or for one time only.",A1,"Adverbs;Time",
one,/wʌn/,"the lowest cardinal number; half of two.",A1,"Math;Nouns;Determiners",
onion,/ˈʌn.jən/,"a vegetable with a pungent taste and smell, composed of several concentric layers.",A1,"Food;Plants;Nouns",
online,/ˌɒnˈlaɪn/,"connected to, served by, or available through a computer or telecommunications system.",A1,"Adjectives;Technology",
only,/ˈəʊn.li/,"and no one or nothing more besides.",A1,"Adjectives;Adverbs;Grammar",
open,/ˈəʊ.pən/,"not closed or blocked up.",A1,"Adjectives;General",
opinion,/əˈpɪn.jən/,"a view or judgement formed about something, not necessarily based on fact or knowledge.",A1,"Communication;Nouns",
opposite,/ˈɒp.ə.zɪt/,"situated on the other or further side when seen from a particular point of view; facing.",A1,"Adjectives;Prepositions;Geography",
or,/ɔːr/,"used to link alternatives.",A1,"Conjunctions;Grammar",
orange,/ˈɒr.ɪndʒ/,"a large round juicy citrus fruit with a tough bright reddish-yellow rind.",A1,"Food;Plants;Colors",
order,/ˈɔː.dər/,"the arrangement or disposition of people or things in relation to each other according to a particular sequence, pattern, or method.",A1,"Nouns;General",
other,/ˈʌð.ər/,"used to refer to a person or thing that is different or distinct from one already mentioned or known about.",A1,"Adjectives;Pronouns;Determiners",
our,/ɑːr/,"belonging to or associated with the speaker and one or more other people previously mentioned or easily identified.",A1,"Determiners;Grammar",
out,/aʊt/,"moving or appearing to move away from a particular place, especially one that is enclosed or hidden.",A1,"Adverbs;Prepositions;Movement",
outside,/ˌaʊtˈsaɪd/,"the external side or surface of something.",A1,"Adverbs;Prepositions;Places",
over,/ˈəʊ.vər/,"extending directly upwards from.",A1,"Prepositions;Movement",
own,/əʊn/,"used with a possessive to emphasize that someone or something belongs or relates to the person mentioned.",A1,"Adjectives;Verbs;Determiners",
paint,/peɪnt/,"a coloured substance which is spread over a surface and dries to leave a thin decorative or protective coating.",A1,"Arts;Objects;Nouns",
painting,/ˈpeɪn.tɪŋ/,"the action or skill of using paint, either in a picture or as decoration.",A1,"Arts;Hobbies;Nouns",
pair,/peər/,"a set of two things used together or regarded as a unit.",A1,"Nouns;General",
paper,/ˈpeɪ.pər/,"material manufactured in thin sheets from the pulp of wood or other fibrous substances, used for writing, drawing, or printing on, or as wrapping material.",A1,"Objects;Writing;Nouns",
paragraph,/ˈpær.ə.ɡrɑːf/,"a distinct section of a piece of writing, usually dealing with a single theme and indicated by a new line, indentation, or numbering.",A1,"Writing;Nouns",
parent,/ˈpeə.rənt/,"a father or mother.",A1,"Family;People;Nouns",
park,/pɑːk/,"a large public garden or area of land used for recreation.",A1,"Places;Leisure;Nature",
part,/pɑːt/,"a piece or portion of something.",A1,"Nouns;General",
partner,/ˈpɑːt.nər/,"a person who takes part in an undertaking with another or others, especially in a business or company with shared risks and profits.",A1,"People;Relationships;Work",
party,/ˈpɑː.ti/,"a social gathering of invited guests, typically involving eating, drinking, and entertainment.",A1,"Events;Leisure;Nouns",
passport,/ˈpɑːs.pɔːt/,"an official document issued by a government, certifying the holder's identity and citizenship and entitling them to travel under its protection to and from foreign countries.",A1,"Travel;Objects;Nouns",
past,/pɑːst/,"gone by in time and no longer existing.",A1,"Adjectives;Time",
pay,/peɪ/,"to give someone money that is due for work done, goods received, or a debt incurred.",A1,"Verbs;Money;Shopping",
pen,/pen/,"an instrument for writing or drawing with ink, typically consisting of a metal nib or ballpoint fitted into a holder.",A1,"Objects;Writing;Nouns",
pencil,/ˈpen.səl/,"an instrument for writing or drawing, consisting of a thin stick of graphite or a similar solid pigment, typically cased in wood.",A1,"Objects;Writing;Nouns",
people,/ˈpiː.pəl/,"human beings in general or considered collectively.",A1,"People;Society;Nouns",
pepper,/ˈpep.ər/,"a pungent hot-tasting powder prepared from dried and ground peppercorns, used as a spice.",A1,"Food;Plants;Nouns",
perfect,/ˈpɜː.fekt/,"having all the required or desirable elements, qualities, or characteristics; as good as it is possible to be.",A1,"Adjectives;Feelings",
period,/ˈpɪə.ri.əd/,"a length or portion of time.",A1,"Time;Nouns",
person,/ˈpɜː.sən/,"an individual human being.",A1,"People;Nouns",
personal,/ˈpɜː.sən.əl/,"belonging to or affecting a particular person rather than anyone else.",A1,"Adjectives;General",
phone,/fəʊn/,"a telephone.",A1,"Technology;Objects;Communication",
photo,/ˈfəʊ.təʊ/,"a photograph.",A1,"Objects;Media;Hobbies",
photograph,/ˈfəʊ.tə.ɡrɑːf/,"a picture made using a camera, in which an image is focused on to light-sensitive material and then made visible and permanent by chemical treatment.",A1,"Objects;Media;Hobbies",
phrase,/freɪz/,"a small group of words standing together as a conceptual unit, typically forming a component of a clause.",A1,"Writing;Grammar;Nouns",
piano,/piˈæn.əʊ/,"a large keyboard musical instrument with a wooden case enclosing a soundboard and metal strings, which are struck by hammers when the keys are depressed.",A1,"Music;Objects;Hobbies",
picture,/ˈpɪk.tʃər/,"a painting, drawing, photograph, or other representation of a person, thing, or scene.",A1,"Arts;Objects;Nouns",
piece,/piːs/,"a part or portion of something.",A1,"Nouns;General",
pig,/pɪɡ/,"a domesticated hoofed mammal with sparse bristly hair and a flat snout, useful for its meat.",A1,"Animals;Farming;Nouns",
pink,/pɪŋk/,"a color intermediate between red and white, as of coral or salmon.",A1,"Colors;Adjectives;Nouns",
plan,/plæn/,"a detailed proposal for doing or achieving something.",A1,"Nouns;Work;General",
plane,/pleɪn/,"a powered flying vehicle with fixed wings and a weight greater than that of the air it displaces, driven forward by propellers or jet engines.",A1,"Transport;Objects;Nouns",
plant,/plɑːnt/,"a living organism of the kind exemplified by trees, shrubs, herbs, grasses, ferns, and mosses.",A1,"Plants;Nature;Nouns",
play,/pleɪ/,"to engage in activity for enjoyment and recreation rather than a serious or practical purpose.",A1,"Verbs;Leisure;Sports",
player,/ˈpleɪ.ər/,"a person taking part in a sport or game.",A1,"People;Sports;Leisure",
please,/pliːz/,"used in polite requests or questions.",A1,"Interjections;Phrases",
point,/pɔɪnt/,"a particular spot, place, or position in an area or on a map, object, or surface.",A1,"Nouns;General",
police,/pəˈliːs/,"the civil force of a state, responsible for the prevention and detection of crime and the maintenance of public order.",A1,"Society;Professions;Nouns",
policeman,/pəˈliːs.mən/,"a male police officer.",A1,"People;Professions;Nouns",
pool,/puːl/,"a small area of still water, typically one formed naturally.",A1,"Places;Nature;Leisure",
poor,/pɔːr/,"lacking sufficient money to live at a standard considered comfortable or normal in a society.",A1,"Adjectives;Society;Money",
popular,/ˈpɒp.jə.lər/,"liked, admired, or enjoyed by many people or by a particular person or group.",A1,"Adjectives;Society",
positive,/ˈpɒz.ə.tɪv/,"consisting in or characterized by the presence rather than the absence of distinguishing features.",A1,"Adjectives;General",
possible,/ˈpɒs.ə.bəl/,"able to be done or achieved.",A1,"Adjectives;General",
post,/pəʊst/,"the official service or system that delivers letters and parcels.",A1,"Communication;Nouns",
potato,/pəˈteɪ.təʊ/,"a starchy plant tuber which is one of the most important food crops, cooked and eaten as a vegetable.",A1,"Food;Plants;Nouns",
pound,/paʊnd/,"a unit of money equal to 100 pence, used in the United Kingdom and other countries.",A1,"Money;Nouns",
practice,/ˈpræk.tɪs/,"the actual application or use of an idea, belief, or method, as opposed to theories relating to it.",A1,"Nouns;Education;Work",
practise,/ˈpræk.tɪs/,"to perform an activity or exercise a skill repeatedly or regularly in order to improve or maintain one's proficiency.",A1,"Verbs;Education;Hobbies",
prefer,/prɪˈfɜːr/,"to like one thing or person better than another or others.",A1,"Verbs;Feelings",
prepare,/prɪˈpeər/,"to make something ready for use or consideration.",A1,"Verbs;Actions",
present,/ˈprez.ənt/,"existing or occurring now.",A1,"Adjectives;Time",
pretty,/ˈprɪt.i/,"attractive in a delicate way without being truly beautiful.",A1,"Adjectives;Appearance",
price,/praɪs/,"the amount of money expected, required, or given in payment for something.",A1,"Money;Shopping;Nouns",
probably,/ˈprɒb.ə.bli/,"almost certainly; as far as one knows or can tell.",A1,"Adverbs;Grammar",
problem,/ˈprɒb.ləm/,"a matter or situation regarded as unwelcome or harmful and needing to be dealt with and overcome.",A1,"Nouns;General",
product,/ˈprɒd.ʌkt/,"an article or substance that is manufactured or refined for sale.",A1,"Objects;Shopping;Nouns",
programme,/ˈprəʊ.ɡræm/,"a planned series of future events or performances.",A1,"Media;Events;Nouns",
project,/ˈprɒdʒ.ekt/,"an individual or collaborative enterprise that is carefully planned to achieve a particular aim.",A1,"Work;Education;Nouns",
purple,/ˈpɜː.pəl/,"a color intermediate between red and blue.",A1,"Colors;Adjectives;Nouns",
put,/pʊt/,"to move to or place in a particular position.",A1,"Verbs;Actions",
quarter,/ˈkwɔː.tər/,"each of four equal or corresponding parts into which something is or can be divided.",A1,"Math;Nouns",
question,/ˈkwes.tʃən/,"a sentence worded or expressed so as to elicit information.",A1,"Communication;Nouns",
quick,/kwɪk/,"moving fast or doing something in a short time.",A1,"Adjectives;Time",
quickly,/ˈkwɪk.li/,"at a fast speed; rapidly.",A1,"Adverbs;Time",
quiet,/ˈkwaɪ.ət/,"making little or no noise.",A1,"Adjectives;General",
quite,/kwaɪt/,"to the utmost or most absolute extent or degree; absolutely; completely.",A1,"Adverbs;Grammar",
radio,/ˈreɪ.di.əʊ/,"the transmission and reception of electromagnetic waves of radio frequency, especially those carrying sound messages.",A1,"Media;Technology;Objects",
rain,/reɪn/,"moisture condensed from the atmosphere that falls visibly in separate drops.",A1,"Weather;Nature;Nouns",
read,/riːd/,"to look at and comprehend the meaning of written or printed matter.",A1,"Verbs;Education;Leisure",
reader,/ˈriː.dər/,"a person who reads or who is fond of reading.",A1,"People;Nouns",
reading,/ˈriː.dɪŋ/,"the action or skill of reading.",A1,"Hobbies;Education;Nouns",
ready,/ˈred.i/,"in a suitable state for an action or situation; fully prepared.",A1,"Adjectives;General",
real,/rɪəl/,"actually existing as a thing or occurring in fact; not imagined or supposed.",A1,"Adjectives;General",
really,/ˈrɪə.li/,"in actual fact, as opposed to what is said or imagined; in reality.",A1,"Adverbs;Grammar",
reason,/ˈriː.zən/,"a cause, explanation, or justification for an action or event.",A1,"Nouns;Communication",
red,/red/,"the color of blood, or of a ruby.",A1,"Colors;Adjectives;Nouns",
relax,/rɪˈlæks/,"to make or become less tense or anxious.",A1,"Verbs;Feelings;Leisure",
remember,/rɪˈmem.bər/,"to have in or be able to bring to one's mind an awareness of someone or something from the past.",A1,"Verbs;General",
repeat,/rɪˈpiːt/,"to say again something one has already said.",A1,"Verbs;Communication",
report,/rɪˈpɔːt/,"a spoken or written account of something that one has observed, heard, done, or investigated.",A1,"Writing;Work;Nouns",
restaurant,/ˈres.trɒnt/,"a place where people pay to sit and eat meals that are cooked and served on the premises.",A1,"Places;Food;Nouns",
result,/rɪˈzʌlt/,"a consequence, effect, or outcome of something.",A1,"Nouns;General",
return,/rɪˈtɜːn/,"to come or go back to a place or person.",A1,"Verbs;Movement",
rice,/raɪs/,"a swamp grass which is widely cultivated as a source of food, especially in Asia.",A1,"Food;Plants;Nouns",
rich,/rɪtʃ/,"having a great deal of money or assets.",A1,"Adjectives;Money;Society",
ride,/raɪd/,"to sit on and control the movement of a horse, bicycle, or motorcycle.",A1,"Verbs;Transport;Leisure",
right,/raɪt/,"morally good, justified, or acceptable.",A1,"Adjectives;General",
river,/ˈrɪv.ər/,"a large natural stream of water flowing in a channel to the sea, a lake, or another river.",A1,"Nature;Geography;Places",
road,/rəʊd/,"a wide way leading from one place to another, especially one with a specially prepared surface which vehicles can use.",A1,"Transport;Places;Nouns",
room,/ruːm/,"a part or division of a building enclosed by walls, floor, and ceiling.",A1,"House;Places;Nouns",
routine,/ruːˈtiːn/,"a sequence of actions regularly followed.",A1,"Nouns;Work;Time",
rule,/ruːl/,"one of a set of explicit or understood regulations or principles governing conduct or procedure.",A1,"Nouns;Grammar;Society",
run,/rʌn/,"to move at a speed faster than a walk, never having both or all the feet on the ground at the same time.",A1,"Verbs;Movement;Sports",
sad,/sæd/,"feeling or showing sorrow; unhappy.",A1,"Adjectives;Feelings",
salad,/ˈsæl.əd/,"a cold dish of various mixtures of raw or cooked vegetables, usually seasoned with oil, vinegar, or other dressing.",A1,"Food;Nouns",
salt,/sɒlt/,"a white crystalline substance that gives seawater its characteristic taste and is used for seasoning or preserving food.",A1,"Food;Nouns",
same,/seɪm/,"identical; not different.",A1,"Adjectives;General",
sandwich,/ˈsæn.wɪdʒ/,"an item of food consisting of two pieces of bread with meat, cheese, or other filling between them, eaten as a light meal.",A1,"Food;Nouns",
Saturday,/ˈsæt.ə.deɪ/,"the day of the week before Sunday and following Friday.",A1,"Time;Days;Nouns",
say,/seɪ/,"to utter words so as to convey information, an opinion, a feeling or intention, or a question.",A1,"Verbs;Communication",
school,/skuːl/,"an institution for educating children.",A1,"Education;Places;Nouns",
science,/ˈsaɪ.əns/,"the intellectual and practical activity encompassing the systematic study of the structure and behaviour of the physical and natural world through observation and experiment.",A1,"Education;Nouns",
scientist,/ˈsaɪən.tɪst/,"a person who is studying or has expert knowledge of one or more of the natural or physical sciences.",A1,"Professions;People;Nouns",
sea,/siː/,"the expanse of salt water that covers most of the earth's surface and surrounds its landmasses.",A1,"Nature;Geography;Nouns",
second,/ˈsek.ənd/,"constituting number two in a sequence; 2nd.",A1,"Math;Time;Nouns",
section,/ˈsek.ʃən/,"any of the more or less distinct parts into which something is or may be divided or from which it is made up.",A1,"Nouns;General",
see,/siː/,"to perceive with the eyes; discern visually.",A1,"Verbs;Actions",
sell,/sel/,"to give or hand over something in exchange for money.",A1,"Verbs;Shopping;Money",
send,/send/,"to cause to go or be taken to a particular destination; arrange for the delivery of, especially by post.",A1,"Verbs;Communication;Actions",
sentence,/ˈsen.təns/,"a set of words that is complete in itself, typically containing a subject and predicate, conveying a statement, question, exclamation, or command.",A1,"Writing;Grammar;Nouns",
seven,/ˈsev.ən/,"the number equivalent to the sum of six and one; one more than six.",A1,"Math;Nouns",
seventeen,/ˌsev.ənˈtiːn/,"the number equivalent to the sum of ten and seven; one more than sixteen.",A1,"Math;Nouns",
seventy,/ˈsev.ən.ti/,"the number equivalent to the product of seven and ten; 70.",A1,"Math;Nouns",
share,/ʃeər/,"to have a portion of something with another or others.",A1,"Verbs;Actions",
she,/ʃiː/,"used to refer to a woman, girl, or female animal previously mentioned or easily identified.",A1,"Pronouns;Grammar",
sheep,/ʃiːp/,"a domesticated ruminant animal with a thick woolly coat.",A1,"Animals;Farming;Nouns",
shirt,/ʃɜːt/,"a garment for the upper body made of cotton or a similar fabric, with a collar, sleeves, and buttons down the front.",A1,"Clothing;Objects;Nouns",
shoe,/ʃuː/,"a covering for the foot, typically made of leather, having a sturdy sole and not reaching above the ankle.",A1,"Clothing;Objects;Nouns",
shop,/ʃɒp/,"a building or part of a building where goods or services are sold.",A1,"Shopping;Places;Nouns",
shopping,/ˈʃɒp.ɪŋ/,"the action or activity of buying goods from shops.",A1,"Shopping;Leisure;Nouns",
short,/ʃɔːt/,"measuring a small distance from end to end.",A1,"Adjectives;Size",
should,/ʃʊd/,"used to indicate obligation, duty, or correctness, typically when criticizing someone's actions.",A1,"Modals;Verbs;Grammar",
show,/ʃəʊ/,"to allow or cause to be visible.",A1,"Verbs;Actions",
shower,/ˈʃaʊ.ər/,"a cubicle or bath in which a person stands under a spray of water to wash.",A1,"House;Objects;Nouns",
sick,/sɪk/,"affected by physical or mental illness.",A1,"Adjectives;Health",
similar,/ˈsɪm.ɪ.lər/,"resembling without being identical.",A1,"Adjectives;General",
sing,/sɪŋ/,"to make musical sounds with the voice, especially words with a set tune.",A1,"Verbs;Music;Hobbies",
singer,/ˈsɪŋ.ər/,"a person who sings, especially professionally.",A1,"People;Professions;Music",
sister,/ˈsɪs.tər/,"a woman or girl who has one or both parents in common with another person.",A1,"Family;People;Nouns",
sit,/sɪt/,"to adopt or be in a position in which one's weight is supported by one's buttocks rather than one's feet and one's back is upright.",A1,"Verbs;Actions",
situation,/ˌsɪtʃ.uˈeɪ.ʃən/,"a set of circumstances in which one finds oneself; a state of affairs.",A1,"Nouns;General",
six,/sɪks/,"the number equivalent to the product of two and three; one more than five.",A1,"Math;Nouns",
sixteen,/ˌsɪkˈstiːn/,"the number equivalent to the sum of ten and six; one more than fifteen.",A1,"Math;Nouns",
sixty,/ˈsɪk.sti/,"the number equivalent to the product of six and ten; 60.",A1,"Math;Nouns",
skill,/skɪl/,"the ability to do something well; expertise.",A1,"Nouns;Work;Hobbies",
skirt,/skɜːt/,"a woman's outer garment fastened around the waist and hanging down around the legs.",A1,"Clothing;Objects;Nouns",
sleep,/sliːp/,"a condition of body and mind that typically recurs for several hours every night, in which the nervous system is inactive, the eyes closed, and consciousness practically suspended.",A1,"Verbs;Health",
slow,/sləʊ/,"moving or operating at a low speed.",A1,"Adjectives;Movement",
small,/smɔːl/,"of a size that is less than normal or usual.",A1,"Adjectives;Size",
snake,/sneɪk/,"a long limbless reptile which has no eyelids, a short tail, and jaws that are capable of considerable extension.",A1,"Animals;Nouns",
snow,/snəʊ/,"atmospheric water vapour frozen into ice crystals and falling in light white flakes or lying on the ground as a white layer.",A1,"Weather;Nature;Nouns",
so,/səʊ/,"and for this reason; therefore.",A1,"Adverbs;Conjunctions;Grammar",
some,/sʌm/,"an unspecified amount or number of.",A1,"Determiners;Grammar",
somebody,/ˈsʌm.bə.di/,"someone; an unspecified or unknown person.",A1,"Pronouns;People;Grammar",
someone,/ˈsʌm.wʌn/,"an unknown or unspecified person; somebody.",A1,"Pronouns;People;Grammar",
something,/ˈsʌm.θɪŋ/,"a thing that is unspecified or unknown.",A1,"Pronouns;Grammar",
sometimes,/ˈsʌm.taɪmz/,"occasionally, rather than all of the time.",A1,"Adverbs;Time",
son,/sʌn/,"a boy or man in relation to either of his parents.",A1,"Family;People;Nouns",
song,/sɒŋ/,"a short poem or other set of words set to music or meant to be sung.",A1,"Music;Nouns",
soon,/suːn/,"in or after a short time.",A1,"Adverbs;Time",
sorry,/ˈsɒr.i/,"feeling distress, especially through sympathy with someone else's misfortune.",A1,"Adjectives;Feelings",
sound,/saʊnd/,"vibrations that travel through the air or another medium and can be heard when they reach a person's or animal's ear.",A1,"Nouns;General",
soup,/suːp/,"a liquid dish, typically made by boiling ingredients in stock or water.",A1,"Food;Nouns",
south,/saʊθ/,"the direction towards the point of the horizon 90° clockwise from east.",A1,"Geography;Nouns",
space,/speɪs/,"a continuous area or expanse which is free, available, or unoccupied.",A1,"Nouns;General",
speak,/spiːk/,"to say things; to talk.",A1,"Verbs;Communication",
special,/ˈspeʃ.əl/,"not ordinary or usual; different from what is normal.",A1,"Adjectives;General",
spell,/spel/,"to write or name the letters that form a word in correct sequence.",A1,"Verbs;Writing;Education",
spelling,/ˈspel.ɪŋ/,"the process or activity of writing or naming the letters of a word.",A1,"Nouns;Writing;Education",
spend,/spend/,"to give money to pay for goods, services, or so as to benefit someone or something.",A1,"Verbs;Money;Shopping",
sport,/spɔːt/,"an activity involving physical exertion and skill in which an individual or team competes against another or others for entertainment.",A1,"Sports;Hobbies;Nouns",
spring,/sprɪŋ/,"the season after winter and before summer, in which vegetation begins to appear.",A1,"Seasons;Time;Nature",
stand,/stænd/,"to have or maintain an upright position, supported by one's feet.",A1,"Verbs;Actions",
star,/stɑːr/,"a fixed luminous point in the night sky which is a large, remote incandescent body like the sun.",A1,"Nature;Nouns",
start,/stɑːt/,"to begin to do or be something.",A1,"Verbs;Actions",
statement,/ˈsteɪt.mənt/,"a definite or clear expression of something in speech or writing.",A1,"Writing;Communication;Nouns",
station,/ˈsteɪ.ʃən/,"a regular stopping place on a public transport route, especially one on a railway line.",A1,"Transport;Places;Nouns",
stay,/steɪ/,"to remain in the same place.",A1,"Verbs;Actions",
still,/stɪl/,"not moving or making a sound.",A1,"Adverbs;Adjectives;General",
stop,/stɒp/,"to cease to move, happen, or operate.",A1,"Verbs;Movement",
story,/ˈstɔː.ri/,"an account of imaginary or real people and events told for entertainment.",A1,"Writing;Media;Nouns",
street,/striːt/,"a public road in a city or town, typically with houses and buildings on one or both sides.",A1,"Places;Transport;Nouns",
strong,/strɒŋ/,"having the power to move heavy weights or perform other physically demanding tasks.",A1,"Adjectives;General",
student,/ˈstjuː.dənt/,"a person who is studying at a school or college.",A1,"People;Education;Nouns",
study,/ˈstʌd.i/,"the devotion of time and attention to gaining knowledge of an academic subject.",A1,"Nouns;Verbs;Education",
style,/staɪl/,"a manner of doing something.",A1,"Nouns;General",
subject,/ˈsʌb.dʒekt/,"a person or thing that is being discussed, described, or dealt with.",A1,"Nouns;Education;Communication",
success,/səkˈses/,"the accomplishment of an aim or purpose.",A1,"Nouns;Work;General",
sugar,/ˈʃʊɡ.ər/,"a sweet crystalline substance obtained from various plants, especially sugar cane and sugar beet, consisting essentially of sucrose.",A1,"Food;Nouns",
summer,/ˈsʌm.ər/,"the warmest season of the year, in the northern hemisphere from June to August.",A1,"Seasons;Time;Weather",
sun,/sʌn/,"the star round which the earth orbits.",A1,"Nature;Nouns",
supermarket,/ˈsuː.pəˌmɑː.kɪt/,"a large self-service shop selling foods and household goods.",A1,"Shopping;Places;Nouns",
sure,/ʃɔːr/,"completely confident that one is right.",A1,"Adjectives;Feelings",
sweater,/ˈswet.ər/,"a knitted garment worn on the upper part of the body, typically with long sleeves.",A1,"Clothing;Objects;Nouns",
swim,/swɪm/,"to propel the body through water by using the limbs.",A1,"Verbs;Sports;Leisure",
swimming,/ˈswɪm.ɪŋ/,"the sport or activity of propelling oneself through water using the limbs.",A1,"Sports;Hobbies;Nouns",
table,/ˈteɪ.bəl/,"a piece of furniture with a flat top and one or more legs, providing a level surface on which objects may be placed.",A1,"Furniture;Objects;House",
take,/teɪk/,"to lay hold of something with one's hands; reach for and hold.",A1,"Verbs;Actions",
talk,/tɔːk/,"to speak in order to give information or express ideas or feelings; converse or communicate.",A1,"Verbs;Communication",
tall,/tɔːl/,"of great or more than average height, especially (with reference to an object) relative to width.",A1,"Adjectives;Size;Appearance",
taxi,/ˈtæk.si/,"a motor vehicle licensed to transport passengers in return for payment of a fare.",A1,"Transport;Objects;Nouns",
tea,/tiː/,"a hot drink made by infusing the dried crushed leaves of the tea plant in boiling water.",A1,"Drinks;Food;Nouns",
teach,/tiːtʃ/,"to impart knowledge to or instruct someone as to how to do something.",A1,"Verbs;Education;Work",
teacher,/ˈtiː.tʃər/,"a person who teaches, especially in a school.",A1,"Professions;Education;People",
team,/tiːm/,"a group of players forming one side in a competitive game or sport.",A1,"Groups;Sports;Work",
teenager,/ˈtiːnˌeɪ.dʒər/,"a person aged between 13 and 19 years.",A1,"People;Nouns",
telephone,/ˈtel.ɪ.fəʊn/,"a system for transmitting voices over a distance using wire or radio, by converting acoustic vibrations to electrical signals.",A1,"Technology;Objects;Communication",
television,/ˈtel.ɪ.ˌvɪʒ.ən/,"a system for converting visual images with sound into electrical signals, transmitting them by radio or other means, and displaying them electronically on a screen.",A1,"Media;Objects;House",
tell,/tel/,"to communicate information to someone in spoken or written words.",A1,"Verbs;Communication",
ten,/ten/,"the number equivalent to the product of two and five; one more than nine.",A1,"Math;Nouns",
tennis,/ˈten.ɪs/,"a game in which two or four players strike a ball with rackets over a net stretched across a court.",A1,"Sports;Hobbies;Nouns",
terrible,/ˈter.ə.bəl/,"extremely bad or serious.",A1,"Adjectives;Feelings",
test,/test/,"a procedure intended to establish the quality, performance, or reliability of something, especially before it is taken into widespread use.",A1,"Education;Nouns",
text,/tekst/,"a book or other written or printed work, regarded in terms of its content rather than its physical form.",A1,"Writing;Communication;Nouns",
than,/ðæn/,"introducing the second element in a comparison.",A1,"Conjunctions;Grammar",
thank,/θæŋk/,"to express gratitude to someone.",A1,"Verbs;Communication;Feelings",
thanks,/θæŋks/,"an expression of gratitude.",A1,"Interjections;Phrases",
that,/ðæt/,"used to identify a specific person or thing observed by the speaker.",A1,"Determiners;Pronouns;Grammar",
theatre,/ˈθɪə.tər/,"a building or outdoor area in which plays and other dramatic performances are given.",A1,"Places;Arts;Leisure",
their,/ðeər/,"belonging to or associated with the people or things previously mentioned or easily identified.",A1,"Determiners;Grammar",
them,/ðem/,"used as the object of a verb or preposition to refer to two or more people or things previously mentioned.",A1,"Pronouns;Grammar",
then,/ðen/,"at that time; at the time in question.",A1,"Adverbs;Time;Grammar",
there,/ðeər/,"in, at, or to that place or position.",A1,"Adverbs;Places;Grammar",
they,/ðeɪ/,"used to refer to two or more people or things previously mentioned or easily identified.",A1,"Pronouns;Grammar",
thing,/θɪŋ/,"an object, action, or idea.",A1,"Objects;Nouns;General",
think,/θɪŋk/,"to have a particular opinion, belief, or idea about someone or something.",A1,"Verbs;Communication",
third,/θɜːd/,"constituting number three in a sequence; 3rd.",A1,"Math;Nouns",
thirsty,/ˈθɜː.sti/,"feeling a need to drink.",A1,"Adjectives;Feelings;Health",
thirteen,/ˌθɜːˈtiːn/,"the number equivalent to the sum of ten and three; one more than twelve.",A1,"Math;Nouns",
thirty,/ˈθɜː.ti/,"the number equivalent to the product of three and ten; 30.",A1,"Math;Nouns",
this,/ðɪs/,"used to identify a specific person or thing close at hand or being indicated or experienced.",A1,"Determiners;Pronouns;Grammar",
thousand,/ˈθaʊ.zənd/,"the number equivalent to the product of a hundred and ten; 1,000.",A1,"Math;Nouns",
three,/θriː/,"the number equivalent to the sum of one and two; one more than two.",A1,"Math;Nouns",
through,/θruː/,"moving in one side and out of the other side of an opening, channel, or location.",A1,"Prepositions;Grammar",
ticket,/ˈtɪk.ɪt/,"a piece of paper or small card that gives the holder a certain right, as to enter a place, travel by public transport, or participate in an event.",A1,"Travel;Objects;Events",
time,/taɪm/,"the indefinite continued progress of existence and events in the past, present, and future regarded as a whole.",A1,"Time;Nouns",
tired,/taɪəd/,"in need of sleep or rest; weary.",A1,"Adjectives;Feelings;Health",
title,/ˈtaɪ.təl/,"the name of a book, composition, or other artistic work.",A1,"Writing;Media;Nouns",
to,/tuː/,"expressing motion in the direction of a particular location.",A1,"Prepositions;Grammar",
today,/təˈdeɪ/,"on or in the course of this present day.",A1,"Adverbs;Time;Nouns",
together,/təˈɡeð.ər/,"with or in proximity to another person or people.",A1,"Adverbs;Relationships",
toilet,/ˈtɔɪ.lət/,"a fixed receptacle with a water supply and a flush pipe, used for the disposal of human waste.",A1,"House;Objects;Nouns",
tomorrow,/təˈmɒr.əʊ/,"on the day after today.",A1,"Adverbs;Time;Nouns",
tonight,/təˈnaɪt/,"on the present or approaching evening or night.",A1,"Adverbs;Time;Nouns",
too,/tuː/,"in addition; also.",A1,"Adverbs;Grammar",
tooth,/tuːθ/,"each of a set of hard, bony enamel-coated structures in the jaws of most vertebrates, used for biting and chewing.",A1,"Body Parts;Nouns",
topic,/ˈtɒp.ɪk/,"a matter dealt with in a text, discourse, or conversation; a subject.",A1,"Communication;Writing;Nouns",
tourist,/ˈtʊər.ɪst/,"a person who is travelling or visiting a place for pleasure.",A1,"Travel;People;Nouns",
town,/taʊn/,"a built-up area with a name, defined boundaries, and local government, that is larger than a village and generally smaller than a city.",A1,"Places;Nouns",
traffic,/ˈtræf.ɪk/,"vehicles moving on a road or public highway.",A1,"Transport;Nouns",
train,/treɪn/,"a series of connected railway carriages or wagons moved by a locomotive or by integral motors.",A1,"Transport;Objects;Nouns",
travel,/ˈtræv.əl/,"to make a journey, typically of some length.",A1,"Travel;Verbs;Leisure",
tree,/triː/,"a woody perennial plant, typically having a single stem or trunk growing to a considerable height and bearing branches and leaves.",A1,"Plants;Nature;Nouns",
trip,/trɪp/,"a journey or excursion, especially for pleasure.",A1,"Travel;Leisure;Nouns",
trousers,/ˈtraʊ.zəz/,"a piece of clothing that covers the lower part of the body, with a separate part for each leg.",A1,"Clothing;Nouns",
true,/truː/,"in accordance with fact or reality.",A1,"Adjectives;General",
try,/traɪ/,"to make an attempt or effort to do something.",A1,"Verbs;Actions",
turn,/tɜːn/,"to move in a circular direction wholly or partly around an axis or point.",A1,"Verbs;Movement",
twelve,/twelv/,"the number equivalent to the sum of ten and two; one more than eleven.",A1,"Math;Nouns",
twenty,/ˈtwen.ti/,"the number equivalent to the product of two and ten; ten less than thirty.",A1,"Math;Nouns",
twice,/twaɪs/,"two times; on two occasions.",A1,"Adverbs;Math",
two,/tuː/,"the number equivalent to the sum of one and one; one less than three.",A1,"Math;Nouns",
type,/taɪp/,"a category of people or things having common characteristics.",A1,"Nouns;General",
umbrella,/ʌmˈbrel.ə/,"a device consisting of a circular canopy of cloth on a folding metal frame supported by a central rod, used as protection against rain.",A1,"Objects;Weather;Nouns",
uncle,/ˈʌŋ.kəl/,"the brother of one's father or mother or the husband of one's aunt.",A1,"Family;People;Nouns",
under,/ˈʌn.dər/,"extending or directly below.",A1,"Prepositions;Grammar",
understand,/ˌʌn.dəˈstænd/,"to perceive the intended meaning of words, a language, or a speaker.",A1,"Verbs;Communication",
university,/ˌjuː.nɪˈvɜː.sə.ti/,"a high-level educational institution in which students study for degrees and academic research is done.",A1,"Education;Places;Nouns",
until,/ənˈtɪl/,"up to the point in time or the event mentioned.",A1,"Prepositions;Conjunctions;Grammar",
up,/ʌp/,"towards a higher place or position.",A1,"Adverbs;Movement",
upstairs,/ˌʌpˈsteəz/,"up a flight of stairs; to or on an upper floor.",A1,"Adverbs;House;Movement",
us,/ʌs/,"used by a speaker to refer to himself or herself and one or more other people as the object of a verb or preposition.",A1,"Pronouns;Grammar",
use,/juːz/,"to take, hold, or deploy something as a means of accomplishing a purpose or achieving a result.",A1,"Verbs;Actions",
useful,/ˈjuːs.fəl/,"able to be used for a practical purpose or in several ways.",A1,"Adjectives;General",
usually,/ˈjuː.ʒu.ə.li/,"under normal conditions; generally.",A1,"Adverbs;Time",
vacation,/vəˈkeɪ.ʃən/,"an extended period of leisure and recreation, especially one spent away from home or travelling; a holiday.",A1,"Travel;Leisure;Nouns",
vegetable,/ˈvedʒ.tə.bəl/,"a plant or part of a plant used as food.",A1,"Food;Plants;Nouns",
very,/ˈver.i/,"in a high degree.",A1,"Adverbs;Grammar",
video,/ˈvɪd.i.əʊ/,"a recording of moving visual images made digitally or on videotape.",A1,"Media;Technology;Nouns",
village,/ˈvɪl.ɪdʒ/,"a group of houses and associated buildings, larger than a hamlet and smaller than a town, situated in a rural area.",A1,"Places;Nouns",
visit,/ˈvɪz.ɪt/,"to go to see and spend time with someone socially.",A1,"Verbs;Travel;Leisure",
visitor,/ˈvɪz.ɪ.tər/,"a person visiting someone or somewhere, especially socially or as a tourist.",A1,"People;Travel;Nouns",
wait,/weɪt/,"to stay where one is or delay action until a particular time or event.",A1,"Verbs;Actions;Time",
waiter,/ˈweɪ.tər/,"a man whose job is to serve customers at their tables in a restaurant.",A1,"Professions;People;Nouns",
wake,/weɪk/,"to emerge or cause to emerge from a state of sleep; stop sleeping.",A1,"Verbs;Actions",
walk,/wɔːk/,"to move at a regular pace by lifting and setting down each foot in turn, never having both feet off the ground at once.",A1,"Verbs;Movement;Leisure",
wall,/wɔːl/,"a continuous vertical brick or stone structure that encloses or divides an area of land.",A1,"House;Objects;Nouns",
want,/wɒnt/,"to have a desire to possess or do something; wish for.",A1,"Verbs;Feelings",
warm,/wɔːm/,"of or at a fairly or comfortably high temperature.",A1,"Adjectives;Weather;Feelings",
wash,/wɒʃ/,"to clean with water and, typically, soap or detergent.",A1,"Verbs;Actions",
watch,/wɒtʃ/,"to look at or observe attentively over a period of time.",A1,"Verbs;Actions;Leisure",
water,/ˈwɔː.tər/,"a colourless, transparent, odourless liquid that forms the seas, lakes, rivers, and rain and is the basis of the fluids of living organisms.",A1,"Nature;Drinks;Nouns",
way,/weɪ/,"a method, style, or manner of doing something.",A1,"Nouns;General",
we,/wiː/,"used by a speaker to refer to himself or herself and one or more other people.",A1,"Pronouns;Grammar",
wear,/weər/,"to have something on one's body as clothing, decoration, or protection.",A1,"Verbs;Clothing",
weather,/ˈweð.ər/,"the state of the atmosphere at a place and time as regards heat, dryness, sunshine, wind, rain, etc.",A1,"Weather;Nature;Nouns",
website,/ˈweb.saɪt/,"a set of related web pages located under a single domain name.",A1,"Technology;Media;Nouns",
week,/wiːk/,"a period of seven days.",A1,"Time;Nouns",
weekend,/ˌwiːkˈend/,"Saturday and Sunday, especially regarded as a time for leisure.",A1,"Time;Leisure;Nouns",
welcome,/ˈwel.kəm/,"an instance or manner of greeting someone.",A1,"Interjections;Phrases",
well,/wel/,"in a good or satisfactory way.",A1,"Adverbs;General",
west,/west/,"the direction towards the point of the horizon where the sun sets.",A1,"Geography;Nouns",
what,/wɒt/,"asking for information specifying something.",A1,"Pronouns;Determiners;Grammar",
when,/wen/,"at what time.",A1,"Adverbs;Conjunctions;Grammar",
where,/weər/,"in or to what place or position.",A1,"Adverbs;Places;Grammar",
which,/wɪtʃ/,"asking for information specifying one or more people or things from a definite set.",A1,"Pronouns;Determiners;Grammar",
white,/waɪt/,"the color of milk or fresh snow, due to the reflection of all visible rays of light.",A1,"Colors;Adjectives;Nouns",
why,/waɪ/,"for what reason or purpose.",A1,"Adverbs;Grammar",
wife,/waɪf/,"a married woman in relation to her husband.",A1,"Family;People;Nouns",
will,/wɪl/,"expressing the future tense.",A1,"Modals;Verbs;Grammar",
win,/wɪn/,"to be successful or victorious in a contest or conflict.",A1,"Verbs;Sports",
window,/ˈwɪn.dəʊ/,"an opening in the wall or roof of a building or vehicle, fitted with glass in a frame to admit light or air and allow people to see out.",A1,"House;Objects;Nouns",
wine,/waɪn/,"an alcoholic drink made from fermented grape juice.",A1,"Drinks;Food;Nouns",
winter,/ˈwɪn.tər/,"the coldest season of the year, in the northern hemisphere from December to February.",A1,"Seasons;Time;Weather",
with,/wɪð/,"accompanied by another person or thing.",A1,"Prepositions;Grammar",
without,/wɪˈðaʊt/,"in the absence of.",A1,"Prepositions;Grammar",
woman,/ˈwʊm.ən/,"an adult female human being.",A1,"People;Nouns",
wonderful,/ˈwʌn.də.fəl/,"inspiring delight, pleasure, or admiration; extremely good; marvellous.",A1,"Adjectives;Feelings",
word,/wɜːd/,"a single distinct meaningful element of speech or writing, used with others to form a sentence.",A1,"Writing;Communication;Nouns",
work,/wɜːk/,"activity involving mental or physical effort done in order to achieve a purpose or result.",A1,"Work;Verbs;Nouns",
worker,/ˈwɜː.kər/,"a person who does a specified type of work or who works in a specified way.",A1,"Work;Professions;People",
world,/wɜːld/,"the earth, together with all of its countries and peoples.",A1,"Geography;Nouns",
would,/wʊd/,"expressing the conditional mood.",A1,"Modals;Verbs;Grammar",
write,/raɪt/,"to mark letters, words, or other symbols on a surface, typically paper, with a pen or pencil.",A1,"Verbs;Writing",
writer,/ˈraɪ.tər/,"a person who has written a particular text.",A1,"Professions;Writing;People",
writing,/ˈraɪ.tɪŋ/,"the activity or skill of marking coherent words on paper and composing text.",A1,"Writing;Hobbies;Nouns",
wrong,/rɒŋ/,"not correct or true; incorrect.",A1,"Adjectives;General",
yeah,/jeə/,"yes (informal).",A1,"Interjections;Phrases",
year,/jɪər/,"the time taken by the earth to make one revolution around the sun, approximately 365 days.",A1,"Time;Nouns",
yellow,/ˈjel.əʊ/,"the color between green and orange in the spectrum.",A1,"Colors;Adjectives;Nouns",
yes,/jes/,"used to give an affirmative response.",A1,"Interjections;Phrases",
yesterday,/ˈjes.tə.deɪ/,"on the day before today.",A1,"Adverbs;Time;Nouns",
you,/juː/,"used to refer to the person or people that the speaker is addressing.",A1,"Pronouns;Grammar",
young,/jʌŋ/,"having lived or existed for only a short time.",A1,"Adjectives;General",
your,/jɔːr/,"belonging to or associated with the person or people that the speaker is addressing.",A1,"Determiners;Grammar",
yourself,/jɔːˈself/,"used to refer to the person being addressed as the object of a verb or preposition when they are also the subject of the clause.",A1,"Pronouns;Grammar",
ability,/əˈbɪl.ə.ti/,"possession of the means or skill to do something.",A2,"Nouns;General",
able,/ˈeɪ.bəl/,"having the power, skill, means, or opportunity to do something.",A2,"Adjectives;General",
abroad,/əˈbrɔːd/,"in or to a foreign country or countries.",A2,"Adverbs;Travel;Geography",
accept,/əkˈsept/,"to consent to receive a thing offered.",A2,"Verbs;Actions",
accident,/ˈæk.sɪ.dənt/,"an unfortunate incident that happens unexpectedly and unintentionally, typically resulting in damage or injury.",A2,"Events;Nouns",
according to,/əˈkɔː.dɪŋ tuː/,"as stated by or in.",A2,"Prepositions;Phrases;Grammar",
achieve,/əˈtʃiːv/,"to successfully bring about or reach a desired objective or result by effort, skill, or courage.",A2,"Verbs;Work;Actions",
act,/ækt/,"to take action; do something.",A2,"Verbs;Actions",
active,/ˈæk.tɪv/,"engaging or ready to engage in physically energetic pursuits.",A2,"Adjectives;General",
actually,/ˈæk.tʃu.ə.li/,"as the truth or facts of a situation; really.",A2,"Adverbs;Grammar",
adult,/ˈæd.ʌlt/,"a person who is fully grown or developed.",A2,"Nouns;Adjectives;People",
advantage,/ədˈvɑːn.tɪdʒ/,"a condition or circumstance that puts one in a favourable or superior position.",A2,"Nouns;General",
adventure,/ədˈven.tʃər/,"an unusual and exciting or daring experience.",A2,"Nouns;Travel;Leisure",
advertise,/ˈæd.və.taɪz/,"to describe or draw attention to a product, service, or event in a public medium in order to promote sales or attendance.",A2,"Verbs;Business;Communication",
advertisement,/ədˈvɜː.tɪs.mənt/,"a notice or announcement in a public medium promoting a product, service, or event.",A2,"Nouns;Business;Media",
advertising,/ˈæd.və.taɪ.zɪŋ/,"the activity or profession of producing advertisements for commercial products or services.",A2,"Nouns;Business;Work",
affect,/əˈfekt/,"to have an effect on; make a difference to.",A2,"Verbs;General",
after,/ˈɑːf.tər/,"during the period of time following an event.",A2,"Conjunctions;Prepositions;Grammar",
against,/əˈɡenst/,"in opposition to.",A2,"Prepositions;Grammar",
ah,/ɑː/,"an exclamation expressing pleasure, realization, surprise, or relief.",A2,"Interjections;Phrases",
airline,/ˈeə.laɪn/,"a company that provides regular flights to take passengers and goods to different places.",A2,"Transport;Business;Nouns",
alive,/əˈlaɪv/,"living, not dead.",A2,"Adjectives;General",
all,/ɔːl/,"completely.",A2,"Adverbs;Grammar",
allow,/əˈlaʊ/,"to give permission for someone to do something.",A2,"Verbs;Actions",
almost,/ˈɔːl.məʊst/,"not completely or all the way; nearly.",A2,"Adverbs;Grammar",
alone,/əˈləʊn/,"having no one else present; on one's own.",A2,"Adjectives;Adverbs;Feelings",
along,/əˈlɒŋ/,"moving in a constant direction on a road, path, or any other horizontal surface.",A2,"Prepositions;Adverbs;Movement",
already,/ɔːlˈred.i/,"before or by now or the time in question.",A2,"Adverbs;Time",
alternative,/ɔːlˈtɜː.nə.tɪv/,"one of two or more available possibilities.",A2,"Nouns;Adjectives",
although,/ɔːlˈðəʊ/,"in spite of the fact that; even though.",A2,"Conjunctions;Grammar",
among,/əˈmʌŋ/,"situated more or less centrally in relation to several other things.",A2,"Prepositions;Grammar",
amount,/əˈmaʊnt/,"a quantity of something, especially the total of a thing or things in number, size, value, or extent.",A2,"Nouns;Math",
ancient,/ˈeɪn.ʃənt/,"belonging to the very distant past and no longer in existence.",A2,"Adjectives;Time",
ankle,/ˈæŋ.kəl/,"the joint connecting the foot with the leg.",A2,"Body Parts;Nouns",
anybody,/ˈen.iˌbɒd.i/,"anyone.",A2,"Pronouns;People;Grammar",
anyway,/ˈen.i.weɪ/,"used to end a conversation, to change the subject, or to resume a topic after interruption.",A2,"Adverbs;Grammar",
anywhere,/ˈen.i.weər/,"in or to any place.",A2,"Adverbs;Places",
app,/æp/,"an application, especially a small one downloaded by a user to a mobile device.",A2,"Technology;Objects;Nouns",
appear,/əˈpɪər/,"to come into sight; become visible or noticeable.",A2,"Verbs;Actions",
appearance,/əˈpɪər.əns/,"the way that someone or something looks.",A2,"Nouns;Appearance",
apply,/əˈplaɪ/,"to make a formal application or request.",A2,"Verbs;Work;Education",
architect,/ˈɑː.kɪ.tekt/,"a person who designs buildings and in many cases also supervises their construction.",A2,"Professions;People;Nouns",
architecture,/ˈɑː.kɪ.tek.tʃər/,"the art and practice of designing and constructing buildings.",A2,"Arts;Nouns",
argue,/ˈɑːɡ.juː/,"to give reasons or cite evidence in support of an idea, action, or theory, typically with the aim of persuading others to share one's view.",A2,"Verbs;Communication",
argument,/ˈɑːɡ.jə.mənt/,"an exchange of diverging or opposite views, typically a heated or angry one.",A2,"Nouns;Communication",
army,/ˈɑː.mi/,"an organized military force equipped for fighting on land.",A2,"Society;Groups;Nouns",
arrange,/əˈreɪndʒ/,"to put things in a neat, attractive, or required order.",A2,"Verbs;Actions",
arrangement,/əˈreɪndʒ.mənt/,"the action, process, or result of arranging or being arranged.",A2,"Nouns;General",
as,/æz/,"used to refer to the function or character that someone or something has.",A2,"Adverbs;Conjunctions;Grammar",
asleep,/əˈsliːp/,"in a state of sleep.",A2,"Adjectives;Health",
assistant,/əˈsɪs.tənt/,"a person who ranks below a senior person.",A2,"Professions;People;Nouns",
athlete,/ˈæθ.liːt/,"a person who is proficient in sports and other forms of physical exercise.",A2,"People;Sports;Nouns",
attack,/əˈtæk/,"an aggressive and violent action against a person or place.",A2,"Nouns;Verbs;Actions",
attend,/əˈtend/,"to be present at an event, meeting, or function.",A2,"Verbs;Events",
attention,/əˈten.ʃən/,"notice taken of someone or something.",A2,"Nouns;Communication",
attractive,/əˈtræk.tɪv/,"pleasing or appealing to the senses.",A2,"Adjectives;Appearance;Feelings",
audience,/ˈɔː.di.əns/,"the assembled spectators or listeners at a public event, such as a play, film, concert, or meeting.",A2,"People;Groups;Media",
author,/ˈɔː.θər/,"a writer of a book, article, or report.",A2,"Professions;Writing;People",
available,/əˈveɪ.lə.bəl/,"able to be used or obtained; at someone's disposal.",A2,"Adjectives;General",
average,/ˈæv.ər.ɪdʒ/,"constituting the result obtained by adding together several quantities and then dividing this total by the number of quantities.",A2,"Adjectives;Math;Nouns",
avoid,/əˈvɔɪd/,"to keep away from or stop oneself from doing something.",A2,"Verbs;Actions",
award,/əˈwɔːd/,"a prize or other mark of recognition given in honour of an achievement.",A2,"Nouns;Events",
awful,/ˈɔː.fəl/,"very bad or unpleasant.",A2,"Adjectives;Feelings",
back,/bæk/,"relating to the rear of something.",A2,"Adjectives;Nouns",
background,/ˈbæk.ɡraʊnd/,"the part of a picture, scene, or design that forms a setting for the main figures or objects.",A2,"Nouns;General",
badly,/ˈbæd.li/,"in an unsatisfactory, inadequate, or unsuccessful way.",A2,"Adverbs;General",
bar,/bɑːr/,"a place where drinks, especially alcoholic drinks, are sold and drunk.",A2,"Places;Drinks;Nouns",
baseball,/ˈbeɪs.bɔːl/,"a ball game played between two teams of nine on a field with a diamond-shaped circuit of four bases.",A2,"Sports;Hobbies;Nouns",
based,/beɪst/,"used as the foundation or starting point for something.",A2,"Adjectives;General",
basketball,/ˈbɑː.skɪt.bɔːl/,"a game played between two teams of five players in which goals are scored by throwing a ball through a netted hoop fixed at each end of the court.",A2,"Sports;Hobbies;Nouns",
bean,/biːn/,"an edible seed, typically kidney-shaped, growing in long pods on certain leguminous plants.",A2,"Food;Plants;Nouns",
bear,/beər/,"a large, heavy mammal that walks on the soles of its feet, with thick fur and a very short tail.",A2,"Animals;Nouns",
beat,/biːt/,"to defeat someone in a game or other competitive situation.",A2,"Verbs;Sports;Actions",
beef,/biːf/,"the flesh of a cow, bull, or ox, used as food.",A2,"Food;Nouns",
before,/bɪˈfɔːr/,"earlier than the time that.",A2,"Conjunctions;Grammar",
behave,/bɪˈheɪv/,"to act or conduct oneself in a specified way.",A2,"Verbs;Actions",
behaviour,/bɪˈheɪ.vjər/,"the way in which one acts or conducts oneself, especially towards others.",A2,"Nouns;General",
belong,/bɪˈlɒŋ/,"to be the property of.",A2,"Verbs;General",
belt,/belt/,"a strip of leather or other material worn, typically round the waist, to support or hold in clothes or to carry weapons.",A2,"Clothing;Objects;Nouns",
benefit,/ˈben.ɪ.fɪt/,"an advantage or profit gained from something.",A2,"Nouns;General",
best,/best/,"in the most excellent way.",A2,"Adverbs;Grammar",
better,/ˈbet.ər/,"in a more excellent or effective way.",A2,"Adverbs;Grammar",
between,/bɪˈtwiːn/,"in or into the space separating two objects, places, or points.",A2,"Adverbs;Prepositions",
billion,/ˈbɪl.jən/,"the number equivalent to a thousand million; 1,000,000,000.",A2,"Math;Nouns",
bin,/bɪn/,"a receptacle in which to deposit rubbish.",A2,"Objects;House;Nouns",
biology,/baɪˈɒl.ə.dʒi/,"the study of living organisms.",A2,"Education;Nouns",
birth,/bɜːθ/,"the emergence of a baby or other young from the body of its mother; the start of life as a physically separate being.",A2,"Nouns;Health;Family",
biscuit,/ˈbɪs.kɪt/,"a small baked unleavened cake, typically crisp, flat, and sweet.",A2,"Food;Desserts;Nouns",
bit,/bɪt/,"a small piece, part, or quantity of something.",A2,"Nouns;General",
blank,/blæŋk/,"(of a surface or background) empty of writing or other marks.",A2,"Adjectives;General",
blood,/blʌd/,"the red liquid that circulates in the arteries and veins of humans and other vertebrate animals, carrying oxygen to and carbon dioxide from the tissues of the body.",A2,"Body Parts;Health;Nouns",
blow,/bləʊ/,"(of wind) to move creating an air current.",A2,"Verbs;Weather;Actions",
board,/bɔːd/,"a long, thin, flat piece of wood or other hard material, used for various purposes.",A2,"Objects;Nouns",
boil,/bɔɪl/,"(with reference to a liquid) to reach the temperature at which it bubbles and turns to vapour.",A2,"Verbs;Food;Actions",
bone,/bəʊn/,"any of the pieces of hard, whitish tissue making up the skeleton in humans and other vertebrates.",A2,"Body Parts;Nouns",
book,/bʊk/,"to reserve accommodation, a ticket, etc. in advance.",A2,"Verbs;Travel;Shopping",
borrow,/ˈbɒr.əʊ/,"to take and use something belonging to someone else with the intention of returning it.",A2,"Verbs;Actions",
boss,/bɒs/,"a person who is in charge of a worker or organization.",A2,"Work;People;Nouns",
bottom,/ˈbɒt.əm/,"the lowest point or part.",A2,"Nouns;General",
bowl,/bəʊl/,"a round, deep dish or basin used for food or liquid.",A2,"Objects;Containers;Food",
brain,/breɪn/,"an organ of soft nervous tissue contained in the skull of vertebrates, functioning as the coordinating centre of sensation and intellectual and nervous activity.",A2,"Body Parts;Nouns",
bridge,/brɪdʒ/,"a structure carrying a road, path, railway, etc. across a river, road, or other obstacle.",A2,"Transport;Places;Objects",
bright,/braɪt/,"giving out or reflecting a lot of light; shining.",A2,"Adjectives;Colors",
brilliant,/ˈbrɪl.jənt/,"exceptionally clever or talented.",A2,"Adjectives;Feelings",
broken,/ˈbrəʊ.kən/,"having been fractured or damaged and no longer in one piece or in working order.",A2,"Adjectives;General",
brush,/brʌʃ/,"an implement with a handle, consisting of bristles, hair, or wire set into a block, used for cleaning or scrubbing.",A2,"Nouns;Verbs;Objects",
burn,/bɜːn/,"(of a fire) to flame or glow while consuming coal, wood, or other fuel.",A2,"Verbs;Actions",
businessman,/ˈbɪz.nɪs.mən/,"a man who works in business, especially one with a high position in a company.",A2,"Business;Work;Professions",
button,/ˈbʌt.ən/,"a small disc or knob sewn on to a garment, either to fasten it by being pushed through a buttonhole, or for decoration.",A2,"Clothing;Objects;Nouns",
camp,/kæmp/,"a place with temporary accommodation of tents or huts, typically used by soldiers, refugees, or travellers.",A2,"Places;Leisure;Travel",
camping,/ˈkæm.pɪŋ/,"the activity of spending a holiday living in a tent.",A2,"Hobbies;Leisure;Travel",
can,/kæn/,"a cylindrical metal container.",A2,"Containers;Objects;Nouns",
care,/keər/,"the provision of what is necessary for the health, welfare, maintenance, and protection of someone or something.",A2,"Nouns;Feelings;Health",
careful,/ˈkeə.fəl/,"making sure of avoiding potential danger, mishap, or harm; cautious.",A2,"Adjectives;Feelings",
carefully,/ˈkeə.fəl.i/,"in a way that deliberately avoids harm or errors; cautiously.",A2,"Adverbs;General",
carpet,/ˈkɑː.pɪt/,"a floor covering made from thick woven fabric.",A2,"House;Objects;Nouns",
cartoon,/kɑːˈtuːn/,"a film using animation techniques to photograph a sequence of drawings rather than real people or objects.",A2,"Media;Arts;Nouns",
case,/keɪs/,"an instance of a particular situation; an example of something occurring.",A2,"Nouns;General",
cash,/kæʃ/,"money in coins or notes, as distinct from cheques, money orders, or credit.",A2,"Money;Nouns",
castle,/ˈkɑː.səl/,"a large building, typically of the medieval period, fortified against attack with thick walls, battlements, towers, and often a moat.",A2,"Places;Buildings;Nouns",
catch,/kætʃ/,"to intercept and hold something which has been thrown, propelled, or dropped.",A2,"Verbs;Sports;Actions",
cause,/kɔːz/,"a person or thing that gives rise to an action, phenomenon, or condition.",A2,"Nouns;Verbs",
celebrate,/ˈsel.ə.breɪt/,"to acknowledge a significant or happy day or event with a social gathering or enjoyable activity.",A2,"Verbs;Events;Leisure",
celebrity,/səˈleb.rə.ti/,"a famous person, especially in entertainment or sport.",A2,"People;Media;Nouns",
certain,/ˈsɜː.tən/,"known for sure; established beyond doubt.",A2,"Adjectives;General",
certainly,/ˈsɜː.tən.li/,"without doubt.",A2,"Adverbs;Grammar",
chance,/tʃɑːns/,"a possibility of something happening.",A2,"Nouns;General",
character,/ˈkær.ək.tər/,"the mental and moral qualities distinctive to an individual.",A2,"Nouns;People",
charity,/ˈtʃær.ə.ti/,"an organization set up to provide help and raise money for those in need.",A2,"Society;Nouns",
chat,/tʃæt/,"to talk in a friendly and informal way.",A2,"Verbs;Communication",
check,/tʃek/,"to examine something in order to determine its accuracy, quality, or condition.",A2,"Verbs;Nouns;Actions",
chef,/ʃef/,"a professional cook, typically the chief cook in a restaurant or hotel.",A2,"Professions;Food;People",
chemistry,/ˈkem.ɪ.stri/,"the branch of science that deals with the identification of the substances of which matter is composed.",A2,"Education;Nouns",
chip,/tʃɪp/,"a small piece of something removed in the course of chopping, cutting, or breaking a hard material such as wood or stone.",A2,"Objects;Food;Nouns",
choice,/tʃɔɪs/,"an act of choosing between two or more possibilities.",A2,"Nouns;General",
church,/tʃɜːtʃ/,"a building used for public Christian worship.",A2,"Places;Buildings;Society",
cigarette,/ˌsɪɡ.ərˈet/,"a thin cylinder of finely cut tobacco rolled in paper for smoking.",A2,"Objects;Nouns",
circle,/ˈsɜː.kəl/,"a round plane figure whose boundary consists of points equidistant from a fixed point (the centre).",A2,"Math;Shapes;Nouns",
classical,/ˈklæs.ɪ.kəl/,"relating to ancient Greek or Latin literature, art, or culture.",A2,"Adjectives;Arts;Music",
clear,/klɪər/,"easy to perceive, understand, or interpret.",A2,"Adjectives;General",
clearly,/ˈklɪə.li/,"in a way that is easy to see, hear, read, or understand.",A2,"Adverbs;Communication",
clever,/ˈklev.ər/,"quick to understand, learn, and devise or apply ideas; intelligent.",A2,"Adjectives;General",
climate,/ˈklaɪ.mət/,"the weather conditions prevailing in an area in general or over a long period.",A2,"Weather;Nature;Geography",
close,/kləʊs/,"a short distance away or apart in space or time.",A2,"Adjectives;Adverbs",
closed,/kləʊzd/,"not open.",A2,"Adjectives;General",
clothing,/ˈkləʊ.ðɪŋ/,"items worn to cover the body.",A2,"Clothing;Nouns",
cloud,/klaʊd/,"a visible mass of water droplets or ice crystals suspended in the atmosphere.",A2,"Weather;Nature;Nouns",
coach,/kəʊtʃ/,"a person who trains a sports player or team.",A2,"Professions;Sports;People",
coast,/kəʊst/,"the part of the land adjoining or near the sea.",A2,"Geography;Nature;Places",
code,/kəʊd/,"a system of words, letters, figures, or symbols used to represent others, especially for the purposes of secrecy.",A2,"Writing;Technology;Nouns",
colleague,/ˈkɒl.iːɡ/,"a person with whom one works in a profession or business.",A2,"Work;People;Nouns",
collect,/kəˈlekt/,"to bring or gather together.",A2,"Verbs;Hobbies;Actions",
column,/ˈkɒl.əm/,"a vertical division of a page or text.",A2,"Writing;Objects;Nouns",
comedy,/ˈkɒm.ə.di/,"professional entertainment consisting of jokes and satirical sketches, intended to make an audience laugh.",A2,"Media;Arts;Nouns",
comfortable,/ˈkʌm.fə.tə.bəl/,"providing physical ease and relaxation.",A2,"Adjectives;Feelings;House",
comment,/ˈkɒm.ent/,"a verbal or written remark expressing an opinion or reaction.",A2,"Communication;Writing;Nouns",
communicate,/kəˈmjuː.nɪ.keɪt/,"to share or exchange information, news, or ideas.",A2,"Verbs;Communication",
community,/kəˈmjuː.nə.ti/,"a group of people living in the same place or having a particular characteristic in common.",A2,"Society;Groups;People",
compete,/kəmˈpiːt/,"to strive to gain or win something by defeating or establishing superiority over others.",A2,"Verbs;Sports;Work",
competition,/ˌkɒm.pəˈtɪʃ.ən/,"the activity or condition of competing.",A2,"Sports;Events;Nouns",
complain,/kəmˈpleɪn/,"to express dissatisfaction or annoyance about something.",A2,"Verbs;Communication;Feelings",
completely,/kəmˈpliːt.li/,"totally; utterly.",A2,"Adverbs;Grammar",
condition,/kənˈdɪʃ.ən/,"the state of something, especially with regard to its appearance, quality, or working order.",A2,"Nouns;Health;General",
conference,/ˈkɒn.fər.əns/,"a formal meeting for discussion.",A2,"Events;Work;Nouns",
connect,/kəˈnekt/,"to bring together or into contact so that a real or notional link is established.",A2,"Verbs;Actions",
connected,/kəˈnek.tɪd/,"brought together or into contact.",A2,"Adjectives;General",
consider,/kənˈsɪd.ər/,"to think carefully about something, typically before making a decision.",A2,"Verbs;Communication",
contain,/kənˈteɪn/,"to have or hold someone or something within.",A2,"Verbs;General",
context,/ˈkɒn.tekst/,"the circumstances that form the setting for an event, statement, or idea, and in terms of which it can be fully understood.",A2,"Writing;Communication;Nouns",
continent,/ˈkɒn.tɪ.nənt/,"any of the world's main continuous expanses of land (Europe, Asia, Africa, North and South America, Australia, Antarctica).",A2,"Geography;Places;Nouns",
continue,/kənˈtɪn.juː/,"to persist in an activity or process.",A2,"Verbs;Actions",
control,/kənˈtrəʊl/,"the power to influence or direct people's behaviour or the course of events.",A2,"Nouns;Verbs",
cook,/kʊk/,"a person who prepares and cooks food, especially as a job or in a specified way.",A2,"Professions;Food;People",
copy,/ˈkɒp.i/,"a thing made to be similar or identical to another.",A2,"Nouns;Verbs;Writing",
corner,/ˈkɔː.nər/,"a place or angle where two or more sides or edges meet.",A2,"Nouns;Shapes",
correctly,/kəˈrekt.li/,"in a way that is true, factual, or appropriate; accurately.",A2,"Adverbs;General",
count,/kaʊnt/,"to determine the total number of a collection of items.",A2,"Verbs;Math",
couple,/ˈkʌp.əl/,"two people or things of the same sort considered together.",A2,"Nouns;Relationships;People",
cover,/ˈkʌv.ər/,"to put something on top of or in front of something else in order to protect or conceal it.",A2,"Verbs;Objects",
crazy,/ˈkreɪ.zi/,"mad, especially as manifested in wild or aggressive behaviour.",A2,"Adjectives;Feelings",
creative,/kriˈeɪ.tɪv/,"relating to or involving the use of the imagination or original ideas to create something.",A2,"Adjectives;Arts",
credit,/ˈkred.ɪt/,"the ability of a customer to obtain goods or services before payment, based on the trust that payment will be made in the future.",A2,"Money;Business;Nouns",
crime,/kraɪm/,"an action or omission which constitutes an offence and is punishable by law.",A2,"Society;Nouns",
criminal,/ˈkrɪm.ɪ.nəl/,"a person who has committed a crime.",A2,"People;Society;Nouns",
cross,/krɒs/,"to go or extend from one side to the other of a river, road, or area.",A2,"Verbs;Movement",
crowd,/kraʊd/,"a large number of people gathered together in a public place.",A2,"Groups;People;Nouns",
crowded,/ˈkraʊ.dɪd/,"(of a space) full of people, leaving little or no room for movement.",A2,"Adjectives;Places",
cry,/kraɪ/,"to shed tears, typically as an expression of distress, pain, or sorrow.",A2,"Verbs;Feelings",
cupboard,/ˈkʌb.əd/,"a piece of furniture with a door and typically shelves, used for storage.",A2,"Furniture;House;Objects",
curly,/ˈkɜː.li/,"made, growing, or arranged in curls or curves.",A2,"Adjectives;Appearance",
cycle,/ˈsaɪ.kəl/,"a series of events that are regularly repeated in the same order.",A2,"Nouns;Verbs;Sports",
daily,/ˈdeɪ.li/,"done, produced, or occurring every day or every weekday.",A2,"Adjectives;Adverbs;Time",
danger,/ˈdeɪn.dʒər/,"the possibility of suffering harm or injury.",A2,"Nouns;General",
dark,/dɑːk/,"the absence of light.",A2,"Nouns;Colors",
data,/ˈdeɪ.tə/,"facts and statistics collected together for reference or analysis.",A2,"Data;Nouns",
dead,/ded/,"no longer alive.",A2,"Adjectives;Health",
deal,/diːl/,"to take part in commercial trading of a particular commodity.",A2,"Verbs;Business",
dear,/dɪər/,"used as an affectionate or friendly form of address.",A2,"Interjections;Phrases",
death,/deθ/,"the action or fact of dying or being killed; the end of the life of a person or organism.",A2,"Nouns;Health",
decision,/dɪˈsɪʒ.ən/,"a conclusion or resolution reached after consideration.",A2,"Nouns;General",
deep,/diːp/,"extending far down from the top or surface.",A2,"Adjectives;Size",
definitely,/ˈdef.ɪ.nət.li/,"without doubt (used for emphasis).",A2,"Adverbs;Grammar",
degree,/dɪˈɡriː/,"a unit of measurement of angles.",A2,"Math;Education;Nouns",
dentist,/ˈden.tɪst/,"a person qualified to treat the diseases and conditions that affect the teeth and gums.",A2,"Professions;Health;People",
department,/dɪˈpɑːt.mənt/,"a division of a large organization such as a government, university, or business, dealing with a specific area of activity.",A2,"Work;Education;Places",
depend,/dɪˈpend/,"to be controlled or determined by.",A2,"Verbs;General",
desert,/ˈdez.ət/,"a waterless, desolate area of land with little or no vegetation, typically one covered with sand.",A2,"Nature;Geography;Places",
designer,/dɪˈzaɪ.nər/,"a person who plans the form, look, or workings of something before its being made or built.",A2,"Professions;Arts;People",
destroy,/dɪˈstrɔɪ/,"to put an end to the existence of something by damaging or attacking it.",A2,"Verbs;Actions",
detective,/dɪˈtek.tɪv/,"a person, especially a police officer, whose occupation is to investigate and solve crimes.",A2,"Professions;People;Nouns",
develop,/dɪˈvel.əp/,"to grow or cause to grow and become more mature, advanced, or elaborate.",A2,"Verbs;Business;Work",
device,/dɪˈvaɪs/,"a thing made or adapted for a particular purpose, especially a piece of mechanical or electronic equipment.",A2,"Technology;Objects;Nouns",
diary,/ˈdaɪə.ri/,"a book in which one keeps a daily record of events and experiences.",A2,"Writing;Objects;Nouns",
differently,/ˈdɪf.ər.ənt.li/,"in a way that is not the same as another or as before.",A2,"Adverbs;General",
digital,/ˈdɪdʒ.ɪ.təl/,"involving or relating to the use of computer technology.",A2,"Adjectives;Technology",
direct,/daɪˈrekt/,"extending or moving from one place to another by the shortest way without changing direction or stopping.",A2,"Adjectives;Verbs",
direction,/daɪˈrek.ʃən/,"a course along which someone or something moves.",A2,"Nouns;Movement",
director,/daɪˈrek.tər/,"a person who is in charge of an activity, department, or organization.",A2,"Professions;Work;People",
disagree,/ˌdɪs.əˈɡriː/,"to have or express a different opinion.",A2,"Verbs;Communication",
disappear,/ˌdɪs.əˈpɪər/,"to cease to be visible.",A2,"Verbs;Actions",
disaster,/dɪˈzɑː.stər/,"a sudden event, such as an accident or a natural catastrophe, that causes great damage or loss of life.",A2,"Events;Nouns",
discover,/dɪˈskʌv.ər/,"to find something or someone unexpectedly or in the course of a search.",A2,"Verbs;Actions",
discovery,/dɪˈskʌv.ər.i/,"the action or process of discovering or being discovered.",A2,"Nouns;General",
discussion,/dɪˈskʌʃ.ən/,"the action or process of talking about something in order to reach a decision or to exchange ideas.",A2,"Communication;Nouns",
disease,/dɪˈziːz/,"a disorder of structure or function in a human, animal, or plant, especially one that produces specific signs or symptoms.",A2,"Health;Nouns",
distance,/ˈdɪs.təns/,"an amount of space between two things or people.",A2,"Math;Nouns",
divorced,/dɪˈvɔːst/,"no longer married.",A2,"Adjectives;Relationships",
document,/ˈdɒk.jə.mənt/,"a piece of written, printed, or electronic matter that provides information or evidence or that serves as an official record.",A2,"Writing;Work;Nouns",
double,/ˈdʌb.əl/,"consisting of two equal, identical, or similar parts or things.",A2,"Adjectives;Math",
download,/ˌdaʊnˈləʊd/,"to copy data from one computer system to another, typically over the internet.",A2,"Verbs;Technology",
downstairs,/ˌdaʊnˈsteəz/,"relating to the ground floor or a lower floor.",A2,"Adjectives;House",
drama,/ˈdrɑː.mə/,"a play for theatre, radio, or television.",A2,"Arts;Media;Nouns",
drawing,/ˈdrɔː.ɪŋ/,"a picture or diagram made with a pencil, pen, or crayon rather than paint.",A2,"Arts;Hobbies;Nouns",
dream,/driːm/,"a series of thoughts, images, and sensations occurring in a person's mind during sleep.",A2,"Nouns;Verbs",
drive,/draɪv/,"a trip or journey in a car.",A2,"Nouns;Transport;Travel",
driving,/ˈdraɪ.vɪŋ/,"the control and operation of a motor vehicle.",A2,"Nouns;Transport;Actions",
drop,/drɒp/,"to let or make something fall vertically.",A2,"Verbs;Actions",
drug,/drʌɡ/,"a medicine or other substance which has a physiological effect when ingested or otherwise introduced into the body.",A2,"Health;Nouns",
dry,/draɪ/,"free from moisture or liquid; not wet or moist.",A2,"Adjectives;Weather",
earn,/ɜːn/,"to obtain money in return for labour or services.",A2,"Verbs;Money;Work",
earth,/ɜːθ/,"the planet on which we live; the world.",A2,"Nature;Geography;Nouns",
easily,/ˈiː.zə.li/,"without difficulty or effort.",A2,"Adverbs;General",
education,/ˌedʒ.ʊˈkeɪ.ʃən/,"the process of receiving or giving systematic instruction, especially at a school or university.",A2,"Education;Nouns",
effect,/ɪˈfekt/,"a change which is a consequence or result of an action or other cause.",A2,"Nouns;General",
either,/ˈaɪ.ðər/,"used before the first of two given alternatives.",A2,"Determiners;Pronouns;Grammar",
electric,/iˈlek.trɪk/,"of, worked by, charged with, or producing electricity.",A2,"Adjectives;Technology",
electrical,/iˈlek.trɪ.kəl/,"relating to electricity.",A2,"Adjectives;Technology",
electricity,/ˌel.ɪkˈtrɪs.ə.ti/,"a form of energy resulting from the existence of charged particles.",A2,"Nouns;Technology",
electronic,/ˌel.ɪkˈtrɒn.ɪk/,"having or operating with components such as microchips and transistors that control and direct electric currents.",A2,"Adjectives;Technology",
employ,/ɪmˈplɔɪ/,"to give work to someone and pay them for it.",A2,"Verbs;Work;Business",
employee,/ɪmˈplɔɪ.iː/,"a person employed for wages or salary, especially at non-executive level.",A2,"People;Work;Nouns",
employer,/ɪmˈplɔɪ.ər/,"a person or organization that employs people.",A2,"People;Work;Nouns",
empty,/ˈemp.ti/,"containing nothing; not filled or occupied.",A2,"Adjectives;General",
ending,/ˈen.dɪŋ/,"the final part of a story, film, or piece of music.",A2,"Nouns;Writing;Media",
energy,/ˈen.ə.dʒi/,"the strength and vitality required for sustained physical or mental activity.",A2,"Nouns;Health",
engine,/ˈen.dʒɪn/,"a machine with moving parts that converts power into motion.",A2,"Technology;Transport;Objects",
engineer,/ˌen.dʒɪˈnɪər/,"a person who designs, builds, or maintains engines, machines, or public works.",A2,"Professions;Work;People",
enormous,/ɪˈnɔː.məs/,"very large in size, quantity, or extent.",A2,"Adjectives;Size",
enter,/ˈen.tər/,"to come or go into a place.",A2,"Verbs;Movement",
environment,/ɪnˈvaɪə.rən.mənt/,"the surroundings or conditions in which a person, animal, or plant lives or operates.",A2,"Nature;Society;Nouns",
equipment,/ɪˈkwɪp.mənt/,"the necessary items for a particular purpose.",A2,"Objects;Nouns",
error,/ˈer.ər/,"a mistake.",A2,"Nouns;General",
especially,/ɪˈspeʃ.əl.i/,"used to single out one person, thing, or situation over all others.",A2,"Adverbs;Grammar",
essay,/ˈes.eɪ/,"a short piece of writing on a particular subject.",A2,"Writing;Education;Nouns",
everyday,/ˈev.ri.deɪ/,"happening or used every day; daily.",A2,"Adjectives;Time",
everywhere,/ˈev.ri.weər/,"in or to all places.",A2,"Adverbs;Places",
evidence,/ˈev.ɪ.dəns/,"the available body of facts or information indicating whether a belief or proposition is true or valid.",A2,"Data;Nouns",
exact,/ɪɡˈzækt/,"not approximated in any way; precise.",A2,"Adjectives;General",
exactly,/ɪɡˈzækt.li/,"used to emphasize the accuracy of a figure or description.",A2,"Adverbs;Grammar",
excellent,/ˈek.səl.ənt/,"extremely good; outstanding.",A2,"Adjectives;Feelings",
except,/ɪkˈsept/,"not including; other than.",A2,"Prepositions;Grammar",
exist,/ɪɡˈzɪst/,"to live, especially under difficult conditions.",A2,"Verbs;General",
expect,/ɪkˈspekt/,"to regard something as likely to happen.",A2,"Verbs;Communication",
experience,/ɪkˈspɪə.ri.əns/,"practical contact with and observation of facts or events.",A2,"Nouns;General",
experiment,/ɪkˈsper.ɪ.mənt/,"a scientific procedure undertaken to make a discovery, test a hypothesis, or demonstrate a known fact.",A2,"Education;Nouns",
expert,/ˈek.spɜːt/,"a person who is very knowledgeable about or skilful in a particular area.",A2,"People;Professions;Nouns",
explanation,/ˌek.spləˈneɪ.ʃən/,"a statement or account that makes something clear.",A2,"Communication;Nouns",
express,/ɪkˈspres/,"to convey a thought or feeling in words or by gestures and conduct.",A2,"Verbs;Communication;Feelings",
expression,/ɪkˈspreʃ.ən/,"the process of making known one's thoughts or feelings.",A2,"Nouns;Communication;Feelings",
extreme,/ɪkˈstriːm/,"reaching a high or the highest degree; very great.",A2,"Adjectives;General",
extremely,/ɪkˈstriːm.li/,"to a very great degree.",A2,"Adverbs;Grammar",
factor,/ˈfæk.tər/,"a circumstance, fact, or influence that contributes to a result or outcome.",A2,"Nouns;Math",
factory,/ˈfæk.tər.i/,"a building or group of buildings where goods are manufactured or assembled chiefly by machine.",A2,"Places;Work;Buildings",
fail,/feɪl/,"to be unsuccessful in achieving one's goal.",A2,"Verbs;General",
fair,/feər/,"treating people equally without favouritism or discrimination.",A2,"Adjectives;General",
fall,/fɔːl/,"the season after summer and before winter, when the leaves of many trees change colour and fall.",A2,"Seasons;Nature;Nouns",
fan,/fæn/,"an enthusiastic devotee of a sport or celebrity.",A2,"People;Hobbies;Nouns",
farm,/fɑːm/,"to use land for growing crops and rearing animals.",A2,"Verbs;Farming",
farming,/ˈfɑː.mɪŋ/,"the activity or business of growing crops and raising livestock.",A2,"Farming;Work;Nouns",
fashion,/ˈfæʃ.ən/,"a popular or the latest style of clothing, hair, decoration, or behaviour.",A2,"Clothing;Society;Nouns",
fat,/fæt/,"a natural oily substance occurring in animal bodies, especially when deposited as a layer under the skin or around certain organs.",A2,"Food;Body Parts;Nouns",
fear,/fɪər/,"an unpleasant emotion caused by the belief that someone or something is dangerous, likely to cause pain, or a threat.",A2,"Feelings;Nouns",
feature,/ˈfiː.tʃər/,"a distinctive attribute or aspect of something.",A2,"Nouns;General",
feed,/fiːd/,"to give food to a person or animal.",A2,"Verbs;Food;Actions",
female,/ˈfiː.meɪl/,"of or denoting the sex that can bear offspring or produce eggs.",A2,"Adjectives;People;Animals",
fiction,/ˈfɪk.ʃən/,"literature in the form of prose, especially novels, that describes imaginary events and people.",A2,"Writing;Media;Nouns",
field,/fiːld/,"an area of open land, especially one planted with crops or pasture, typically bounded by hedges or fences.",A2,"Farming;Nature;Places",
fight,/faɪt/,"to take part in a violent struggle involving the exchange of physical blows.",A2,"Verbs;Nouns;Actions",
figure,/ˈfɪɡ.ər/,"a number, especially one which forms part of official statistics.",A2,"Math;Data;Nouns",
film,/fɪlm/,"to make a film of a story or event.",A2,"Verbs;Media",
final,/ˈfaɪ.nəl/,"the last game in a sports tournament, which decides the winner of the tournament.",A2,"Sports;Events;Nouns",
finally,/ˈfaɪ.nəl.i/,"after a long time, typically when there has been difficulty or delay.",A2,"Adverbs;Time",
finger,/ˈfɪŋ.ɡər/,"each of the four slender jointed parts attached to either hand.",A2,"Body Parts;Nouns",
finish,/ˈfɪn.ɪʃ/,"the end of a race or other sporting contest.",A2,"Events;Sports;Nouns",
first,/fɜːst/,"the first point in a list or sequence.",A2,"Nouns;Math",
firstly,/ˈfɜːst.li/,"used to introduce a first point or reason.",A2,"Adverbs;Grammar",
fish,/fɪʃ/,"to catch or try to catch fish, typically by using a net or a rod and line.",A2,"Verbs;Hobbies;Food",
fishing,/ˈfɪʃ.ɪŋ/,"the activity of catching fish, either for food or as a sport.",A2,"Hobbies;Sports;Nouns",
fit,/fɪt/,"to be of the right shape and size for someone or something.",A2,"Verbs;Clothing",
fix,/fɪks/,"to mend or repair.",A2,"Verbs;Actions",
flat,/flæt/,"smooth and even; without marked lumps or indentations.",A2,"Adjectives;General",
flu,/fluː/,"influenza.",A2,"Health;Nouns",
fly,/flaɪ/,"a winged insect.",A2,"Animals;Nouns",
flying,/ˈflaɪ.ɪŋ/,"the action of flying through the air.",A2,"Transport;Nouns",
focus,/ˈfəʊ.kəs/,"to pay particular attention to.",A2,"Verbs;Actions",
following,/ˈfɒl.əʊ.ɪŋ/,"coming after or as a result of.",A2,"Adjectives;Prepositions",
foreign,/ˈfɒr.ən/,"of, from, in, or characteristic of a country or language other than one's own.",A2,"Adjectives;Geography",
forest,/ˈfɒr.ɪst/,"a large area covered chiefly with trees and undergrowth.",A2,"Nature;Places;Nouns",
fork,/fɔːk/,"a utensil, usually having two or more prongs, used for lifting food to the mouth or holding it when cutting.",A2,"Objects;Food;Nouns",
formal,/ˈfɔː.məl/,"done in accordance with rules of convention or etiquette; suitable for or constituting an official or important occasion.",A2,"Adjectives;Society",
fortunately,/ˈfɔː.tʃən.ət.li/,"by good luck.",A2,"Adverbs;General",
forward,/ˈfɔː.wəd/,"in the direction that one is facing or travelling.",A2,"Adverbs;Movement",
free,/friː/,"without cost or payment.",A2,"Adverbs;Money",
fresh,/freʃ/,"(of food) recently made or obtained; not tinned, frozen, or otherwise preserved.",A2,"Adjectives;Food",
fridge,/frɪdʒ/,"a refrigerator.",A2,"Objects;House;Nouns",
frog,/frɒɡ/,"a tailless amphibian with a short stout body and short legs, typically living in or near water.",A2,"Animals;Nouns",
fun,/fʌn/,"amusing, entertaining, or enjoyable.",A2,"Adjectives;Feelings;Leisure",
furniture,/ˈfɜː.nɪ.tʃər/,"the movable articles that are used to make a room or building suitable for living or working in.",A2,"Furniture;House;Nouns",
further,/ˈfɜː.ðər/,"at, to, or by a greater distance.",A2,"Adjectives;Adverbs",
future,/ˈfjuː.tʃər/,"relating to time still to come.",A2,"Adjectives;Time",
gallery,/ˈɡæl.ər.i/,"a room or building for the display or sale of works of art.",A2,"Places;Arts;Nouns",
gap,/ɡæp/,"a break or hole in an object or between two objects.",A2,"Nouns;General",
gas,/ɡæs/,"a substance in a state like air that is neither solid nor liquid.",A2,"Nature;Nouns",
gate,/ɡeɪt/,"a hinged barrier used to close an opening in a wall, fence, or hedge.",A2,"Objects;House;Nouns",
general,/ˈdʒen.ər.əl/,"affecting or concerning all or most people or things; widespread.",A2,"Adjectives;General",
gift,/ɡɪft/,"a thing given willingly to someone without payment; a present.",A2,"Objects;Shopping;Nouns",
goal,/ɡəʊl/,"(in football, hockey, etc.) a pair of posts linked by a crossbar and typically backed with a net, forming a space into which the ball has to be sent to score.",A2,"Sports;Nouns",
god,/ɡɒd/,"(in Christianity and other monotheistic religions) the creator and ruler of the universe.",A2,"Society;Nouns",
gold,/ɡəʊld/,"a yellow precious metal, the chemical element of atomic number 79.",A2,"Objects;Colors;Nouns",
golf,/ɡɒlf/,"a game played on a large open-air course, in which a small hard ball is struck with a club into a series of small holes in the ground.",A2,"Sports;Hobbies;Nouns",
good,/ɡʊd/,"that which is morally right; righteousness.",A2,"Nouns;General",
government,/ˈɡʌv.ən.mənt/,"the group of people with the authority to govern a country or state; a particular ministry in office.",A2,"Society;Work;Nouns",
grass,/ɡrɑːs/,"vegetation consisting of typically short plants with long, narrow leaves, growing wild or cultivated on lawns and pasture.",A2,"Plants;Nature;Nouns",
greet,/ɡriːt/,"to give a polite word or sign of welcome or recognition to someone on meeting.",A2,"Verbs;Communication",
ground,/ɡraʊnd/,"the solid surface of the earth.",A2,"Nature;Places;Nouns",
guest,/ɡest/,"a person who is invited to visit the home of or take part in a function organized by another.",A2,"People;Nouns",
guide,/ɡaɪd/,"a person who shows the way to others, especially one hired to show tourists around a place of interest.",A2,"Nouns;Verbs;Professions",
gun,/ɡʌn/,"a weapon incorporating a metal tube from which bullets, shells, or other missiles are propelled by explosive force.",A2,"Objects;Nouns",
guy,/ɡaɪ/,"a man.",A2,"People;Nouns",
habit,/ˈhæb.ɪt/,"a settled or regular tendency or practice, especially one that is hard to give up.",A2,"Nouns;General",
half,/hɑːf/,"to the extent of half.",A2,"Adverbs;Math",
hall,/hɔːl/,"the room or space just inside the front entrance of a house or flat.",A2,"House;Places;Nouns",
happily,/ˈhæp.ɪ.li/,"in a happy way.",A2,"Adverbs;Feelings",
have,/hæv/,"used with a past participle to form the perfect, pluperfect, and future perfect tenses and the conditional mood.",A2,"Verbs;Grammar",
headache,/ˈhed.eɪk/,"a continuous pain in the head.",A2,"Health;Nouns",
heart,/hɑːt/,"the muscular organ in humans and other animals which pumps the blood through the circulatory system by contraction and dilation.",A2,"Body Parts;Nouns",
heat,/hiːt/,"the quality of being hot; high temperature.",A2,"Nouns;Weather;Nature",
heavy,/ˈhev.i/,"of great weight; difficult to lift or move.",A2,"Adjectives;General",
height,/haɪt/,"the measurement of someone or something from head to foot or from base to top.",A2,"Nouns;Size",
helpful,/ˈhelp.fəl/,"giving or ready to give help.",A2,"Adjectives;General",
hero,/ˈhɪə.rəʊ/,"a person who is admired for their courage, outstanding achievements, or noble qualities.",A2,"People;Nouns",
hers,/hɜːz/,"used to refer to a thing or things belonging to or associated with a female person or animal previously mentioned.",A2,"Pronouns;Grammar",
herself,/hɜːˈself/,"used as the object of a verb or preposition to refer to a female person or animal that is the subject of the clause.",A2,"Pronouns;Grammar",
hide,/haɪd/,"to put or keep out of sight.",A2,"Verbs;Actions",
high,/haɪ/,"at a high level or position.",A2,"Adverbs;General",
hill,/hɪl/,"a naturally raised area of land, not as high or craggy as a mountain.",A2,"Geography;Nature;Places",
himself,/hɪmˈself/,"used as the object of a verb or preposition to refer to a male person or animal that is the subject of the clause.",A2,"Pronouns;Grammar",
his,/hɪz/,"used to refer to a thing or things belonging to or associated with a male person or animal previously mentioned.",A2,"Pronouns;Grammar",
hit,/hɪt/,"to bring one's hand or a tool or weapon into contact with someone or something quickly and forcefully.",A2,"Verbs;Actions",
hockey,/ˈhɒk.i/,"a team game played between two teams of eleven players using hooked sticks with which the players try to drive a small, hard ball towards goals at opposite ends of a field.",A2,"Sports;Hobbies;Nouns",
hold,/həʊld/,"to grasp, carry, or support with one's hands.",A2,"Verbs;Actions",
hole,/həʊl/,"a hollow place in a solid body or surface.",A2,"Nouns;Objects",
home,/həʊm/,"relating to the place where one lives.",A2,"Adjectives;House",
hope,/həʊp/,"a feeling of expectation and desire for a particular thing to happen.",A2,"Nouns;Feelings",
huge,/hjuːdʒ/,"extremely large; enormous.",A2,"Adjectives;Size",
human,/ˈhjuː.mən/,"relating to or characteristic of humankind.",A2,"Adjectives;Nouns;People",
hurt,/hɜːt/,"to cause physical pain or injury to.",A2,"Verbs;Health;Feelings",
ideal,/aɪˈdɪəl/,"satisfying one's conception of what is perfect; most suitable.",A2,"Adjectives;General",
identify,/aɪˈden.tɪ.faɪ/,"to establish or indicate who or what someone or something is.",A2,"Verbs;Actions",
ill,/ɪl/,"not in full health; sick.",A2,"Adjectives;Health",
illness,/ˈɪl.nəs/,"a disease or period of sickness affecting the body or mind.",A2,"Health;Nouns",
image,/ˈɪm.ɪdʒ/,"a representation of the external form of a person or thing in art.",A2,"Objects;Media;Nouns",
immediately,/ɪˈmiː.di.ət.li/,"at once; instantly.",A2,"Adverbs;Time",
impossible,/ɪmˈpɒs.ə.bəl/,"not able to occur, exist, or be done.",A2,"Adjectives;General",
included,/ɪnˈkluː.dɪd/,"comprised or contained as part of a whole.",A2,"Adjectives;General",
including,/ɪnˈkluː.dɪŋ/,"containing as part of the whole being considered.",A2,"Prepositions;Grammar",
increase,/ɪnˈkriːs/,"to become or make greater in size, amount, or degree.",A2,"Verbs;Math",
incredible,/ɪnˈkred.ə.bəl/,"difficult to believe; extraordinary.",A2,"Adjectives;Feelings",
independent,/ˌɪn.dɪˈpen.dənt/,"free from outside control; not subject to another's authority.",A2,"Adjectives;Society",
individual,/ˌɪn.dɪˈvɪdʒ.u.əl/,"a single human being as distinct from a group.",A2,"Nouns;People",
industry,/ˈɪn.də.stri/,"economic activity concerned with the processing of raw materials and manufacture of goods in factories.",A2,"Work;Business;Nouns",
informal,/ɪnˈfɔː.məl/,"having a relaxed, friendly, or unofficial style, manner, or nature.",A2,"Adjectives;Communication",
injury,/ˈɪn.dʒər.i/,"an instance of being injured.",A2,"Health;Nouns",
insect,/ˈɪn.sekt/,"a small arthropod animal that has six legs and generally one or two pairs of wings.",A2,"Animals;Nouns",
inside,/ˌɪnˈsaɪd/,"the inner side or surface of a thing.",A2,"Prepositions;Adverbs;Nouns",
instead,/ɪnˈsted/,"as an alternative to.",A2,"Adverbs;Grammar",
instruction,/ɪnˈstrʌk.ʃən/,"a direction or order.",A2,"Communication;Education;Nouns",
instructor,/ɪnˈstrʌk.tər/,"a person who teaches something.",A2,"Professions;Education;People",
instrument,/ˈɪn.strə.mənt/,"a tool or implement, especially one for precision work.",A2,"Objects;Music;Nouns",
intelligent,/ɪnˈtɛl.ɪ.dʒənt/,"having or showing intelligence, especially of a high level.",A2,"Adjectives;General",
international,/ˌɪn.təˈnæʃ.ən.əl/,"existing or occurring between different countries.",A2,"Adjectives;Geography;Society",
introduction,/ˌɪn.trəˈdʌk.ʃən/,"the action of introducing something.",A2,"Nouns;Communication;Writing",
invent,/ɪnˈvent/,"to create or design something that has not existed before.",A2,"Verbs;Technology",
invention,/ɪnˈven.ʃən/,"the action of inventing something, typically a process or device.",A2,"Nouns;Technology",
invitation,/ˌɪn.vɪˈteɪ.ʃən/,"a written or verbal request inviting someone to go somewhere or to do something.",A2,"Nouns;Communication",
invite,/ɪnˈvaɪt/,"to ask someone in a friendly or formal way to go somewhere or to do something.",A2,"Verbs;Communication",
involve,/ɪnˈvɒlv/,"to include someone or something in an activity.",A2,"Verbs;General",
item,/ˈaɪ.təm/,"an individual article or unit, especially one that is part of a list, collection, or set.",A2,"Objects;Nouns",
itself,/ɪtˈself/,"used as the object of a verb or preposition to refer to a thing or animal previously mentioned as the subject of the clause.",A2,"Pronouns;Grammar",
jam,/dʒæm/,"a sweet spread or conserve made from fruit and sugar boiled to a thick consistency.",A2,"Food;Nouns",
jazz,/dʒæz/,"a type of music of black American origin characterized by improvisation, syncopation, and usually a regular or forceful rhythm.",A2,"Music;Nouns",
jewellery,/ˈdʒuː.əl.ri/,"personal ornaments, such as necklaces, rings, or bracelets, that are typically made from or contain jewels and precious metal.",A2,"Objects;Clothing;Nouns",
joke,/dʒəʊk/,"a thing that someone says to cause amusement or laughter.",A2,"Communication;Nouns",
journalist,/ˈdʒɜː.nə.lɪst/,"a person who writes for newspapers, magazines, or news websites or prepares news to be broadcast.",A2,"Professions;Media;People",
jump,/dʒʌmp/,"to push oneself off a surface and into the air by using the muscles in one's legs and feet.",A2,"Verbs;Movement",
kid,/kɪd/,"a child or young person.",A2,"People;Family;Nouns",
kill,/kɪl/,"to cause the death of a person, animal, or other living thing.",A2,"Verbs;Actions",
king,/kɪŋ/,"the male ruler of an independent state, especially one who inherits the position by right of birth.",A2,"People;Society;Nouns",
knee,/niː/,"the joint between the thigh and the lower leg in humans.",A2,"Body Parts;Nouns",
knife,/naɪf/,"an instrument composed of a blade fixed into a handle, used for cutting.",A2,"Objects;Food;House",
knock,/nɒk/,"to strike a surface noisily to attract attention, especially when waiting to be let in through a door.",A2,"Verbs;Actions",
knowledge,/ˈnɒl.ɪdʒ/,"facts, information, and skills acquired through experience or education.",A2,"Nouns;Education;Data",
lab,/læb/,"a laboratory.",A2,"Places;Education;Work",
lady,/ˈleɪ.di/,"a woman.",A2,"People;Nouns",
lake,/leɪk/,"a large area of water surrounded by land.",A2,"Nature;Geography;Places",
lamp,/læmp/,"a device for giving light, either one consisting of an electric bulb together with its holder and shade, or one burning gas or oil.",A2,"Objects;House;Nouns",
land,/lænd/,"(of an aircraft or spacecraft) to come down through the air and rest on the ground or another surface.",A2,"Verbs;Transport;Movement",
laptop,/ˈlæp.tɒp/,"a computer that is portable and suitable for use while travelling.",A2,"Technology;Objects;Nouns",
last,/lɑːst/,"finally; after all others.",A2,"Adverbs;Time",
later,/ˈleɪ.tər/,"happening at a time subsequent to a reference time.",A2,"Adjectives;Time",
laughter,/ˈlɑːf.tər/,"the action or sound of laughing.",A2,"Nouns;Feelings",
law,/lɔː/,"the system of rules which a particular country or community recognizes as regulating the actions of its members.",A2,"Society;Nouns",
lawyer,/ˈlɔɪ.ər/,"a person who practises or studies law, especially a solicitor or a barrister or an attorney.",A2,"Professions;Work;People",
lazy,/ˈleɪ.zi/,"unwilling to work or use energy.",A2,"Adjectives;Feelings",
lead,/liːd/,"to be in charge or command of.",A2,"Verbs;Work;Actions",
leader,/ˈliː.dər/,"the person who leads or commands a group, organization, or country.",A2,"People;Work;Nouns",
learning,/ˈlɜː.nɪŋ/,"the acquisition of knowledge or skills through study, experience, or being taught.",A2,"Education;Nouns",
least,/liːst/,"smallest in amount, extent, or significance.",A2,"Determiners;Adverbs;Grammar",
lecture,/ˈlek.tʃər/,"an educational talk to an audience, especially one of students in a university.",A2,"Education;Events;Nouns",
lemon,/ˈlem.ən/,"a yellow, oval citrus fruit with thick skin and fragrant, acidic juice.",A2,"Food;Plants;Nouns",
lend,/lend/,"to grant to someone the use of something on the understanding that it will be returned.",A2,"Verbs;Money;Actions",
less,/les/,"a smaller amount of something.",A2,"Determiners;Adverbs;Grammar",
level,/ˈlev.əl/,"a position on a real or imaginary scale of amount, quantity, extent, or quality.",A2,"Nouns;General",
lifestyle,/ˈlaɪf.staɪl/,"the way in which a person or group lives.",A2,"Society;Nouns",
lift,/lɪft/,"to raise to a higher position or level.",A2,"Verbs;Movement",
light,/laɪt/,"to make something start burning; ignite.",A2,"Verbs;Actions",
likely,/ˈlaɪ.kli/,"such as well might happen or be the case; probable.",A2,"Adjectives;General",
link,/lɪŋk/,"a relationship between two things or situations, especially where one affects the other.",A2,"Nouns;Verbs;Communication",
listener,/ˈlɪs.ən.ər/,"a person who listens.",A2,"People;Nouns",
little,/ˈlɪt.əl/,"to a small extent.",A2,"Adverbs;Size",
look,/lʊk/,"the appearance of someone or something, especially as expressing a particular quality.",A2,"Nouns;Appearance",
lorry,/ˈlɒr.i/,"a large, heavy motor vehicle used for transporting goods, materials, or troops.",A2,"Transport;Objects;Nouns",
lost,/lɒst/,"unable to be found.",A2,"Adjectives;General",
loud,/laʊd/,"producing or capable of producing a great deal of noise.",A2,"Adjectives;General",
loudly,/ˈlaʊd.li/,"in a way that produces a lot of noise.",A2,"Adverbs;General",
lovely,/ˈlʌv.li/,"exquisitely beautiful.",A2,"Adjectives;Feelings",
low,/ləʊ/,"of less than average height from top to bottom or to the top from the ground.",A2,"Adjectives;Size",
luck,/lʌk/,"success or failure apparently brought by chance rather than through one's own actions.",A2,"Nouns;General",
lucky,/ˈlʌk.i/,"having, bringing, or resulting from good luck.",A2,"Adjectives;Feelings",
mail,/meɪl/,"letters and parcels sent by post.",A2,"Communication;Nouns",
major,/ˈmeɪ.dʒər/,"important, serious, or significant.",A2,"Adjectives;General",
male,/meɪl/,"of or denoting the sex that produces gametes, especially spermatozoa, with which a female may be fertilized.",A2,"Adjectives;People;Animals",
manage,/ˈmæn.ɪdʒ/,"to be in charge of a company, organization, or department.",A2,"Verbs;Work;Business",
manager,/ˈmæn.ɪ.dʒər/,"a person responsible for controlling or administering an organization or group of staff.",A2,"Professions;Work;People",
manner,/ˈmæn.ər/,"a way in which a thing is done or happens.",A2,"Nouns;General",
mark,/mɑːk/,"to write a word or symbol on something as a sign of ownership, identity, or origin.",A2,"Verbs;Writing",
marry,/ˈmær.i/,"to join in marriage.",A2,"Verbs;Relationships;Events",
material,/məˈtɪə.ri.əl/,"the matter from which a thing is or can be made.",A2,"Objects;Nouns",
mathematics,/ˌmæθˈmæt.ɪks/,"the abstract science of number, quantity, and space.",A2,"Math;Education;Nouns",
maths,/mæθs/,"mathematics.",A2,"Math;Education;Nouns",
matter,/ˈmæt.ər/,"a subject or situation under consideration.",A2,"Nouns;General",
may,/meɪ/,"expressing possibility.",A2,"Modals;Verbs;Grammar",
media,/ˈmiː.di.ə/,"the main means of mass communication (broadcasting, publishing, and the internet) regarded collectively.",A2,"Media;Nouns",
medical,/ˈmed.ɪ.kəl/,"relating to the science or practice of medicine.",A2,"Adjectives;Health",
medicine,/ˈmed.ɪ.sən/,"the science or practice of the diagnosis, treatment, and prevention of disease.",A2,"Health;Nouns",
memory,/ˈmem.ər.i/,"the faculty by which the mind stores and remembers information.",A2,"Nouns;General",
mention,/ˈmen.ʃən/,"to refer to something briefly and without going into detail.",A2,"Verbs;Communication",
metal,/ˈmet.əl/,"a solid material which is typically hard, shiny, malleable, fusible, and ductile, with good electrical and thermal conductivity.",A2,"Nouns;Objects",
method,/ˈmeθ.əd/,"a particular procedure for accomplishing or approaching something.",A2,"Nouns;General",
middle,/ˈmɪd.əl/,"the point or position at an equal distance from the sides, edges, or ends of something.",A2,"Nouns;Adjectives",
might,/maɪt/,"expressing possibility.",A2,"Modals;Verbs;Grammar",
mind,/maɪnd/,"the element of a person that enables them to be aware of the world and their experiences, to think, and to feel; the faculty of consciousness and thought.",A2,"Nouns;General",
mine,/maɪn/,"used to refer to a thing or things belonging to or associated with the speaker.",A2,"Pronouns;Grammar",
mirror,/ˈmɪr.ər/,"a surface, typically of glass coated with a metal amalgam, which reflects a clear image.",A2,"Objects;House;Nouns",
missing,/ˈmɪs.ɪŋ/,"(of a person) not able to be found.",A2,"Adjectives;General",
mobile,/ˈməʊ.baɪl/,"able to move or be moved freely and easily.",A2,"Adjectives;Technology",
monkey,/ˈmʌŋ.ki/,"a small to medium-sized primate that typically has a long tail, most kinds of which live in trees in tropical countries.",A2,"Animals;Nouns",
moon,/muːn/,"the natural satellite of the earth, visible (chiefly at night) by reflected light from the sun.",A2,"Nature;Nouns",
mostly,/ˈməʊst.li/,"mainly; for the most part.",A2,"Adverbs;General",
motorcycle,/ˈməʊ.təˌsaɪ.kəl/,"a two-wheeled vehicle that is powered by a motor and has no pedals.",A2,"Transport;Objects;Nouns",
movement,/ˈmuːv.mənt/,"an act of changing physical location or position.",A2,"Movement;Nouns",
musical,/ˈmjuː.zɪ.kəl/,"relating to music.",A2,"Adjectives;Music",
musician,/mjuˈzɪʃ.ən/,"a person who plays a musical instrument, especially as a profession, or is musically talented.",A2,"Professions;Music;People",
myself,/maɪˈself/,"used by a speaker to refer to himself or herself as the object of a verb or preposition when they are also the subject of the clause.",A2,"Pronouns;Grammar",
narrow,/ˈnær.əʊ/,"of small width in relation to length.",A2,"Adjectives;Size",
national,/ˈnæʃ.ən.əl/,"relating to or characteristic of a nation.",A2,"Adjectives;Society",
nature,/ˈneɪ.tʃər/,"the phenomena of the physical world collectively, including plants, animals, the landscape, and other features and products of the earth.",A2,"Nature;Nouns",
nearly,/ˈnɪə.li/,"almost.",A2,"Adverbs;Grammar",
necessary,/ˈnes.ə.ser.i/,"required to be done, achieved, or present; needed; essential.",A2,"Adjectives;General",
neck,/nek/,"the part of a person's or animal's body connecting the head to the rest of the body.",A2,"Body Parts;Nouns",
need,/niːd/,"a thing that is wanted or required.",A2,"Nouns;General",
neither,/ˈnaɪ.ðər/,"not the one nor the other of two people or things.",A2,"Determiners;Pronouns;Grammar",
nervous,/ˈnɜː.vəs/,"easily agitated or alarmed; tending to be anxious.",A2,"Adjectives;Feelings",
network,/ˈnet.wɜːk/,"a group or system of interconnected people or things.",A2,"Technology;Communication;Nouns",
noise,/nɔɪz/,"a sound, especially one that is loud or unpleasant or that causes disturbance.",A2,"Nouns;General",
noisy,/ˈnɔɪ.zi/,"making or given to making a lot of noise.",A2,"Adjectives;General",
none,/nʌn/,"not any.",A2,"Pronouns;Grammar",
normal,/ˈnɔː.məl/,"conforming to a standard; usual, typical, or expected.",A2,"Adjectives;General",
normally,/ˈnɔː.mə.li/,"usually; in a normal manner.",A2,"Adverbs;General",
notice,/ˈnəʊ.tɪs/,"to become aware of.",A2,"Verbs;Communication",
novel,/ˈnɒv.əl/,"a fictitious prose narrative of book length, typically representing character and action with some degree of realism.",A2,"Writing;Media;Nouns",
nowhere,/ˈnəʊ.weər/,"not in or to any place.",A2,"Adverbs;Places",
nut,/nʌt/,"a fruit consisting of a hard or tough shell around an edible kernel.",A2,"Food;Plants;Nouns",
ocean,/ˈəʊ.ʃən/,"a very large expanse of sea, in particular each of the main areas into which the sea is divided geographically.",A2,"Nature;Geography;Places",
offer,/ˈɒf.ər/,"to present or proffer something for someone to accept or reject as desired.",A2,"Verbs;Communication",
officer,/ˈɒf.ɪ.sər/,"a person holding a position of authority, especially one with a commission, in the armed services, the mercantile marine, or on a passenger ship.",A2,"Professions;Work;People",
oil,/ɔɪl/,"a viscous liquid derived from petroleum, especially for use as a fuel or lubricant.",A2,"Objects;Nouns",
onto,/ˈɒn.tuː/,"moving to a position on the surface of.",A2,"Prepositions;Movement",
opportunity,/ˌɒp.əˈtjuː.nə.ti/,"a time or set of circumstances that makes it possible to do something.",A2,"Nouns;General",
option,/ˈɒp.ʃən/,"a thing that is or may be chosen.",A2,"Nouns;General",
ordinary,/ˈɔː.dɪn.ər.i/,"with no special or distinctive features; normal.",A2,"Adjectives;General",
organization,/ˌɔː.ɡən.aɪˈzeɪ.ʃən/,"an organized group of people with a particular purpose, such as a business or government department.",A2,"Business;Work;Groups",
organize,/ˈɔː.ɡə.naɪz/,"to arrange systematically; order.",A2,"Verbs;Work;Actions",
original,/əˈrɪdʒ.ən.əl/,"present or existing from the beginning; first or earliest.",A2,"Adjectives;General",
ourselves,/ˌaʊəˈselvz/,"used by a speaker to refer to himself or herself and one or more other people as the object of a verb or preposition when they are also the subject.",A2,"Pronouns;Grammar",
outside,/ˌaʊtˈsaɪd/,"the external side or surface of something.",A2,"Prepositions;Adverbs;Places",
oven,/ˈʌv.ən/,"an enclosed compartment, as in a cooker, for heating and cooking food.",A2,"Objects;House;Food",
own,/əʊn/,"to have something as one's own; possess.",A2,"Verbs;General",
owner,/ˈəʊ.nər/,"a person who owns something.",A2,"People;Nouns",
pack,/pæk/,"to fill a suitcase, bag, or other container with clothes and other items needed for travel.",A2,"Verbs;Travel;Actions",
pain,/peɪn/,"highly unpleasant physical sensation caused by illness or injury.",A2,"Health;Feelings;Nouns",
painter,/ˈpeɪn.tər/,"an artist who paints pictures.",A2,"Professions;Arts;People",
palace,/ˈpæl.ɪs/,"the official residence of a sovereign, archbishop, bishop, or other exalted person.",A2,"Places;Buildings;Nouns",
pants,/pænts/,"trousers.",A2,"Clothing;Nouns",
parking,/ˈpɑː.kɪŋ/,"the action of parking a car or other vehicle.",A2,"Transport;Nouns",
particular,/pəˈtɪk.jə.lər/,"used to single out an individual member of a specified group or class.",A2,"Adjectives;General",
pass,/pɑːs/,"to move or cause to move in a specified direction.",A2,"Verbs;Movement",
passenger,/ˈpæs.ɪn.dʒər/,"a traveller on a public or private conveyance other than the driver, pilot, or crew.",A2,"Travel;Transport;People",
past,/pɑːst/,"further on than.",A2,"Adverbs;Prepositions",
patient,/ˈpeɪ.ʃənt/,"a person receiving or registered to receive medical treatment.",A2,"Health;People;Nouns",
pattern,/ˈpæt.ən/,"a repeated decorative design.",A2,"Nouns;Arts",
pay,/peɪ/,"money paid to someone for work or services.",A2,"Money;Nouns",
peace,/piːs/,"freedom from disturbance; tranquillity.",A2,"Nouns;Feelings;Society",
penny,/ˈpen.i/,"a British bronze coin and monetary unit equal to one hundredth of a pound.",A2,"Money;Nouns",
per,/pɜːr/,"for each.",A2,"Prepositions;Grammar",
perform,/pəˈfɔːm/,"to carry out, accomplish, or fulfil an action, task, or function.",A2,"Verbs;Actions;Arts",
perhaps,/pəˈhæps/,"possibly.",A2,"Adverbs;Grammar",
permission,/pəˈmɪʃ.ən/,"authorization granted to do something; formal consent.",A2,"Nouns;General",
personality,/ˌpɜː.sənˈæl.ə.ti/,"the combination of characteristics or qualities that form an individual's distinctive character.",A2,"Nouns;People",
pet,/pet/,"a domestic or tamed animal kept for companionship or pleasure.",A2,"Pets;Animals;Nouns",
petrol,/ˈpet.rəl/,"a light fuel oil that is obtained by distilling petroleum and used in internal combustion engines.",A2,"Transport;Objects;Nouns",
photograph,/ˈfəʊ.tə.ɡrɑːf/,"to take a photograph of.",A2,"Verbs;Hobbies",
physical,/ˈfɪz.ɪ.kəl/,"relating to the body as opposed to the mind.",A2,"Adjectives;Health;Body Parts",
physics,/ˈfɪz.ɪks/,"the branch of science concerned with the nature and properties of matter and energy.",A2,"Education;Nouns",
pick,/pɪk/,"to choose someone or something from a number of alternatives.",A2,"Verbs;Actions",
pilot,/ˈpaɪ.lət/,"a person who operates the flying controls of an aircraft.",A2,"Professions;Transport;People",
planet,/ˈplæn.ɪt/,"a celestial body moving in an elliptical orbit round a star.",A2,"Nature;Nouns",
plant,/plɑːnt/,"to place a seed, bulb, or plant in the ground so that it can grow.",A2,"Verbs;Farming;Nature",
plastic,/ˈplæs.tɪk/,"a synthetic material made from a wide range of organic polymers that can be moulded into shape while soft and then set into a rigid or slightly elastic form.",A2,"Nouns;Adjectives;Objects",
plate,/pleɪt/,"a flat dish, typically circular and made of china, from which food is eaten or served.",A2,"Objects;House;Food",
platform,/ˈplæt.fɔːm/,"a raised level surface on which people or things can stand, especially in a station.",A2,"Transport;Places;Objects",
please,/pliːz/,"to cause to feel happy and satisfied.",A2,"Verbs;Feelings",
pleased,/pliːzd/,"feeling or showing pleasure and satisfaction, especially at an event or a situation.",A2,"Adjectives;Feelings",
pocket,/ˈpɒk.ɪt/,"a small bag sewn into or on clothing, so as to form part of it, used for carrying small articles.",A2,"Clothing;Objects;Nouns",
polite,/pəˈlaɪt/,"having or showing behaviour that is respectful and considerate of other people.",A2,"Adjectives;Feelings;Society",
pollution,/pəˈluː.ʃən/,"the presence in or introduction into the environment of a substance which has harmful or poisonous effects.",A2,"Nature;Society;Nouns",
pop,/pɒp/,"modern popular music, usually with a strong beat and catchy melody.",A2,"Music;Nouns",
population,/ˌpɒp.jəˈleɪ.ʃən/,"all the inhabitants of a particular place.",A2,"Society;Groups;Nouns",
position,/pəˈzɪʃ.ən/,"a place where someone or something is located or has been put.",A2,"Places;Nouns",
possession,/pəˈzeʃ.ən/,"the state of having, owning, or controlling something.",A2,"Nouns;General",
possibility,/ˌpɒs.əˈbɪl.ə.ti/,"a thing that may happen or be the case.",A2,"Nouns;General",
poster,/ˈpəʊ.stər/,"a large printed picture used for decoration or advertisement.",A2,"Objects;Arts;Media",
power,/ˈpaʊ.ər/,"the ability or capacity to do something or act in a particular way.",A2,"Nouns;General",
predict,/prɪˈdɪkt/,"to say or estimate that a specified thing will happen in the future.",A2,"Verbs;Communication",
present,/prɪˈzent/,"to give something to someone formally or ceremonially.",A2,"Verbs;Actions",
president,/ˈprez.ɪ.dənt/,"the elected head of a republican state.",A2,"Professions;Society;People",
prevent,/prɪˈvent/,"to keep something from happening.",A2,"Verbs;Actions",
print,/prɪnt/,"to produce books, newspapers, magazines, etc., especially in large quantities, by a mechanical process involving the transfer of text or designs to paper.",A2,"Verbs;Writing;Work",
printer,/ˈprɪn.tər/,"a machine for printing text or pictures on to paper, especially one linked to a computer.",A2,"Technology;Objects;Nouns",
prison,/ˈprɪz.ən/,"a building in which people are legally held as a punishment for a crime or while awaiting trial.",A2,"Places;Buildings;Society",
prize,/praɪz/,"a thing given as a reward to the winner of a competition or race or in recognition of an outstanding achievement.",A2,"Nouns;Events",
process,/ˈprəʊ.ses/,"a series of actions or steps taken in order to achieve a particular end.",A2,"Nouns;General",
produce,/prəˈdjuːs/,"to make something, especially by an industrial process.",A2,"Verbs;Work;Business",
professional,/prəˈfeʃ.ən.əl/,"relating to or belonging to a profession.",A2,"Adjectives;Work",
professor,/prəˈfes.ər/,"a university academic of the highest rank; the holder of a university chair.",A2,"Professions;Education;People",
profile,/ˈprəʊ.faɪl/,"an outline of something, especially a person's face, as seen from one side.",A2,"Nouns;Appearance",
program,/ˈprəʊ.ɡræm/,"a planned series of future events or performances.",A2,"Media;Events;Nouns",
progress,/ˈprəʊ.ɡres/,"forward or onward movement towards a destination.",A2,"Nouns;General",
promise,/ˈprɒm.ɪs/,"to assure someone that one will definitely do something or that something will happen.",A2,"Verbs;Communication",
pronounce,/prəˈnaʊns/,"to make the sound of a word or part of a word in the correct or a particular way.",A2,"Verbs;Communication",
protect,/prəˈtekt/,"to keep safe from harm or injury.",A2,"Verbs;Actions",
provide,/prəˈvaɪd/,"to make available for use; supply.",A2,"Verbs;Actions",
pub,/pʌb/,"a place which is licensed to sell alcoholic drinks, which are consumed on the premises.",A2,"Places;Drinks;Nouns",
public,/ˈpʌb.lɪk/,"of or concerning the people as a whole.",A2,"Adjectives;Society",
publish,/ˈpʌb.lɪʃ/,"to prepare and issue a book, journal, piece of music, or other work for public sale.",A2,"Verbs;Writing;Media",
pull,/pʊl/,"to exert force on someone or something so as to cause movement towards oneself.",A2,"Verbs;Movement",
purpose,/ˈpɜː.pəs/,"the reason for which something is done or created or for which something exists.",A2,"Nouns;General",
push,/pʊʃ/,"to exert force on someone or something in order to move them away from oneself.",A2,"Verbs;Movement",
quality,/ˈkwɒl.ə.ti/,"the standard of something as measured against other things of a similar kind; the degree of excellence of something.",A2,"Nouns;General",
quantity,/ˈkwɒn.tə.ti/,"the amount or number of a material or abstract thing.",A2,"Nouns;Math",
queen,/kwiːn/,"the female ruler of an independent state, especially one who inherits the position by right of birth.",A2,"People;Society;Nouns",
question,/ˈkwes.tʃən/,"to ask someone questions.",A2,"Verbs;Communication",
quietly,/ˈkwaɪət.li/,"in a way that makes little or no noise.",A2,"Adverbs;General",
race,/reɪs/,"a competition between runners, horses, vehicles, etc. to see which is the fastest in covering a set course.",A2,"Events;Sports;Nouns",
railway,/ˈreɪl.weɪ/,"a line or track consisting of steel rails along which passenger and freight trains run.",A2,"Transport;Nouns",
raise,/reɪz/,"to lift or move to a higher position or level.",A2,"Verbs;Movement",
rate,/reɪt/,"a measure, quantity, or frequency, typically one measured against some other quantity or measure.",A2,"Nouns;Math",
rather,/ˈrɑː.ðər/,"used to express assent to a statement or request; 'yes'.",A2,"Adverbs;Grammar",
reach,/riːtʃ/,"to arrive at; get as far as.",A2,"Verbs;Movement",
react,/riˈækt/,"to act in response to something.",A2,"Verbs;Actions",
realize,/ˈrɪə.laɪz/,"to become fully aware of something as a fact; understand clearly.",A2,"Verbs;Communication",
receive,/rɪˈsiːv/,"to be given, presented with, or paid something.",A2,"Verbs;Actions",
recent,/ˈriː.sənt/,"having happened, begun, or been done not long ago.",A2,"Adjectives;Time",
recently,/ˈriː.sənt.li/,"not long ago.",A2,"Adverbs;Time",
reception,/rɪˈsep.ʃən/,"the action or process of receiving something sent, given, or inflicted.",A2,"Nouns;General",
recipe,/ˈres.ə.pi/,"a set of instructions for preparing a particular dish, including a list of the ingredients required.",A2,"Food;Writing;Nouns",
recognize,/ˈrek.əɡ.naɪz/,"to identify someone or something from having encountered them before; know again.",A2,"Verbs;Communication",
recommend,/ˌrek.əˈmend/,"to put forward someone or something with approval as being suitable for a particular purpose or role.",A2,"Verbs;Communication",
record,/ˈrek.ɔːd/,"a piece of evidence about the past, especially an account kept in writing or some other permanent form.",A2,"Nouns;Data;Writing",
recording,/rɪˈkɔː.dɪŋ/,"the action or process of recording sound or a performance for subsequent reproduction or broadcast.",A2,"Music;Media;Nouns",
recycle,/ˌriːˈsaɪ.kəl/,"to convert waste into reusable material.",A2,"Verbs;Nature",
reduce,/rɪˈdjuːs/,"to make smaller or less in amount, degree, or size.",A2,"Verbs;Size;Math",
refer,/rɪˈfɜːr/,"to mention or allude to.",A2,"Verbs;Communication",
refuse,/rɪˈfjuːz/,"to indicate or show that one is not willing to do something.",A2,"Verbs;Communication",
region,/ˈriː.dʒən/,"an area, especially part of a country or the world having definable characteristics but not always fixed boundaries.",A2,"Geography;Places;Nouns",
regular,/ˈreɡ.jə.lər/,"arranged in or constituting a constant or definite pattern, especially with the same space between individual instances.",A2,"Adjectives;General",
relationship,/rɪˈleɪ.ʃən.ʃɪp/,"the way in which two or more people or things are connected, or the state of being connected.",A2,"Relationships;Nouns",
remove,/rɪˈmuːv/,"to take something away or off from the position occupied.",A2,"Verbs;Actions",
repair,/rɪˈpeər/,"to restore something damaged, faulty, or worn to a good condition.",A2,"Verbs;Work;Actions",
replace,/rɪˈpleɪs/,"to take the place of.",A2,"Verbs;Actions",
reply,/rɪˈplaɪ/,"to say something in response to something someone has said.",A2,"Verbs;Communication",
report,/rɪˈpɔːt/,"to give a spoken or written account of something that one has observed, heard, done, or investigated.",A2,"Verbs;Communication;Work",
reporter,/rɪˈpɔː.tər/,"a person who reports, especially one employed to report news or conduct interviews for newspapers or broadcasts.",A2,"Professions;Media;People",
request,/rɪˈkwest/,"an act of asking politely or formally for something.",A2,"Nouns;Verbs;Communication",
research,/rɪˈsɜːtʃ/,"the systematic investigation into and study of materials and sources in order to establish facts and reach new conclusions.",A2,"Education;Work;Nouns",
researcher,/rɪˈsɜː.tʃər/,"a person who carries out academic or scientific research.",A2,"Professions;Education;People",
respond,/rɪˈspɒnd/,"to say something in reply.",A2,"Verbs;Communication",
response,/rɪˈspɒns/,"a verbal or written answer.",A2,"Nouns;Communication",
rest,/rest/,"the remaining part of something.",A2,"Nouns;General",
review,/rɪˈvjuː/,"a formal assessment of something with the intention of instituting change if necessary.",A2,"Nouns;Verbs;Work",
ride,/raɪd/,"a journey made on horseback, a bicycle, or a motorcycle.",A2,"Nouns;Transport;Leisure",
ring,/rɪŋ/,"a small circular band, typically of precious metal and often set with one or more gemstones, worn on a finger as an ornament or a token of marriage, engagement, or authority.",A2,"Objects;Clothing;Nouns",
rise,/raɪz/,"to move from a lower position to a higher one; come or go up.",A2,"Verbs;Movement",
rock,/rɒk/,"the solid mineral material forming part of the surface of the earth and other similar planets, exposed on the surface or underlying the soil.",A2,"Nature;Objects;Nouns",
role,/rəʊl/,"an actor's part in a play, film, etc.",A2,"Nouns;Work;Arts",
roof,/ruːf/,"the structure forming the upper covering of a building or vehicle.",A2,"House;Objects;Nouns",
round,/raʊnd/,"shaped like a circle or cylinder.",A2,"Adjectives;Shapes",
route,/ruːt/,"a way or course taken in getting from a starting point to a destination.",A2,"Travel;Transport;Nouns",
rubbish,/ˈrʌb.ɪʃ/,"waste material; refuse or litter.",A2,"Objects;Nouns",
rude,/ruːd/,"offensively impolite or ill-mannered.",A2,"Adjectives;Feelings;Communication",
run,/rʌn/,"a period of running.",A2,"Nouns;Sports;Leisure",
runner,/ˈrʌn.ər/,"a person who runs, especially in a race or for exercise.",A2,"People;Sports;Nouns",
running,/ˈrʌn.ɪŋ/,"the action or movement of a runner.",A2,"Sports;Hobbies;Nouns",
sadly,/ˈsæd.li/,"in a sad manner.",A2,"Adverbs;Feelings",
safe,/seɪf/,"protected from or not exposed to danger or risk.",A2,"Adjectives;Health",
sail,/seɪl/,"to travel in a boat with sails, especially as a sport or recreation.",A2,"Verbs;Transport;Leisure",
sailing,/ˈseɪ.lɪŋ/,"the action of sailing a boat or ship.",A2,"Hobbies;Sports;Nouns",
salary,/ˈsæl.ər.i/,"a fixed regular payment, typically paid on a monthly basis, made by an employer to an employee.",A2,"Money;Work;Nouns",
sale,/seɪl/,"the exchange of a commodity for money; the action of selling something.",A2,"Shopping;Business;Nouns",
sauce,/sɔːs/,"a liquid or semi-liquid substance served with or used in preparing food.",A2,"Food;Nouns",
save,/seɪv/,"to keep safe or rescue someone or something from harm or danger.",A2,"Verbs;Actions",
scared,/skeəd/,"fearful; frightened.",A2,"Adjectives;Feelings",
scary,/ˈskeə.ri/,"frightening; causing fear.",A2,"Adjectives;Feelings",
scene,/siːn/,"the place where an incident in real life or fiction occurs or occurred.",A2,"Places;Arts;Nouns",
schedule,/ˈʃedʒ.uːl/,"a plan for carrying out a process or procedure, giving lists of intended events and times.",A2,"Time;Work;Nouns",
score,/skɔːr/,"to gain a point, goal, run, etc. in a game or contest.",A2,"Verbs;Sports",
screen,/skriːn/,"a flat panel or area on an electronic device such as a television, computer, or smartphone, on which images and data are displayed.",A2,"Technology;Objects;Media",
search,/sɜːtʃ/,"an act of searching for someone or something.",A2,"Nouns;Actions",
season,/ˈsiː.zən/,"each of the four divisions of the year (spring, summer, autumn, and winter) marked by particular weather patterns.",A2,"Seasons;Time;Nature",
seat,/siːt/,"a thing made or used for sitting on, such as a chair or bench.",A2,"Objects;Furniture;Nouns",
second,/ˈsek.ənd/,"for a second time.",A2,"Adverbs;Time",
secondly,/ˈsek.ənd.li/,"in the second place (used to introduce a second point or reason).",A2,"Adverbs;Grammar",
secret,/ˈsiː.krət/,"not known or seen or not meant to be known or seen by others.",A2,"Adjectives;Nouns",
secretary,/ˈsek.rə.tər.i/,"a person employed by an individual or in an office to assist with correspondence, keep records, and make appointments.",A2,"Professions;Work;People",
seem,/siːm/,"to give the impression of being something or having a particular quality.",A2,"Verbs;General",
sense,/sens/,"a faculty by which the body perceives an external stimulus; one of the faculties of sight, smell, hearing, taste, and touch.",A2,"Nouns;Body Parts",
separate,/ˈsep.ər.ət/,"forming or viewed as a unit apart or by itself.",A2,"Adjectives;General",
series,/ˈsɪə.riːz/,"a number of similar or related events or things, one following another.",A2,"Nouns;Media",
serious,/ˈsɪə.ri.əs/,"demanding or characterized by careful consideration or application.",A2,"Adjectives;Feelings",
serve,/sɜːv/,"to perform duties or services for another person or an organization.",A2,"Verbs;Work;Actions",
service,/ˈsɜː.vɪs/,"the action of helping or doing work for someone.",A2,"Nouns;Work",
several,/ˈsev.ər.əl/,"more than two but not many.",A2,"Determiners;Grammar",
shake,/ʃeɪk/,"to move an object backward and forward or up and down with short, quick movements.",A2,"Verbs;Actions",
shall,/ʃəl/,"expressing a strong assertion or intention.",A2,"Modals;Verbs;Grammar",
shape,/ʃeɪp/,"the external form, contours, or outline of someone or something.",A2,"Nouns;Shapes",
sheet,/ʃiːt/,"a large rectangular piece of cotton or other fabric, used on a bed to lie on or under.",A2,"Objects;House;Nouns",
ship,/ʃɪp/,"a large boat for transporting people or goods by sea or other large bodies of water.",A2,"Transport;Objects;Nouns",
shoulder,/ˈʃəʊl.dər/,"the upper joint of the human arm and the part of the body between this and the neck.",A2,"Body Parts;Nouns",
shout,/ʃaʊt/,"to speak or cry out with a loud voice.",A2,"Verbs;Communication",
shut,/ʃʌt/,"to move something into position so that it blocks an opening; close.",A2,"Verbs;Actions",
side,/saɪd/,"a position to the left or right of an object, place, or central point.",A2,"Nouns;General",
sign,/saɪn/,"a gesture or action used to convey information or an instruction.",A2,"Nouns;Communication",
silver,/ˈsɪl.vər/,"a precious shiny greyish-white metal.",A2,"Nouns;Colors;Objects",
simple,/ˈsɪm.pəl/,"easily understood or done; presenting no difficulty.",A2,"Adjectives;General",
since,/sɪns/,"in the intervening period between the time mentioned and the time under consideration.",A2,"Prepositions;Conjunctions;Time",
singing,/ˈsɪŋ.ɪŋ/,"the activity of making musical sounds with the voice.",A2,"Music;Hobbies;Nouns",
single,/ˈsɪŋ.ɡəl/,"only one; not one of several.",A2,"Adjectives;General",
sir,/sɜːr/,"used as a polite or respectful way of addressing a man, especially one in a position of authority.",A2,"People;Nouns",
site,/saɪt/,"an area of ground on which a town, building, or monument is constructed.",A2,"Places;Nouns",
size,/saɪz/,"the relative extent of something; a thing's overall dimensions or magnitude.",A2,"Size;Nouns",
ski,/skiː/,"to travel over snow on skis.",A2,"Verbs;Sports;Leisure",
skiing,/ˈskiː.ɪŋ/,"the action of travelling over snow on skis, especially as a sport or recreation.",A2,"Sports;Hobbies;Nouns",
skin,/skɪn/,"the thin layer of tissue forming the natural outer covering of the body of a person or animal.",A2,"Body Parts;Nouns",
sky,/skaɪ/,"the region of the atmosphere and outer space seen from the earth.",A2,"Nature;Nouns",
sleep,/sliːp/,"a condition of body and mind... (same as verb)",A2,"Nouns;Health",
slowly,/ˈsləʊ.li/,"at a slow speed.",A2,"Adverbs;Movement",
smartphone,/ˈsmɑːt.fəʊn/,"a mobile phone that performs many of the functions of a computer, typically having a touchscreen interface.",A2,"Technology;Objects;Nouns",
smell,/smel/,"to perceive or detect the odour or scent of something.",A2,"Verbs;Actions",
smile,/smaɪl/,"to form one's features into a pleased, kind, or amused expression.",A2,"Verbs;Feelings;Communication",
smoke,/sməʊk/,"a visible suspension of carbon or other particles in air, emitted from a burning substance.",A2,"Nouns;General",
smoking,/ˈsməʊ.kɪŋ/,"the action or habit of inhaling and exhaling the smoke of tobacco.",A2,"Nouns;Actions",
soap,/səʊp/,"a substance used with water for washing and cleaning, made of a compound of natural oils or fats with sodium hydroxide.",A2,"Objects;House;Nouns",
soccer,/ˈsɒk.ər/,"a form of football played by two teams of eleven players with a round ball, which may not be handled during play except by the goalkeepers.",A2,"Sports;Nouns",
social,/ˈsəʊ.ʃəl/,"relating to society or its organization.",A2,"Adjectives;Society",
society,/səˈsaɪ.ə.ti/,"the aggregate of people living together in a more or less ordered community.",A2,"Society;Nouns",
sock,/sɒk/,"a garment for the foot and lower part of the leg, typically knitted from wool, cotton, or nylon.",A2,"Clothing;Nouns",
soft,/sɒft/,"easy to mould, cut, compress, or fold; not hard or firm to the touch.",A2,"Adjectives;General",
soldier,/ˈsəʊl.dʒər/,"a person who serves in an army.",A2,"Professions;People;Nouns",
solution,/səˈluː.ʃən/,"a means of solving a problem or dealing with a difficult situation.",A2,"Nouns;General",
solve,/sɒlv/,"to find an answer to, explanation for, or means of effectively dealing with a problem.",A2,"Verbs;Actions",
somewhere,/ˈsʌm.weər/,"in or to some place.",A2,"Adverbs;Places",
sort,/sɔːt/,"a category of things or people with a common feature; a type.",A2,"Nouns;General",
source,/sɔːs/,"a place, person, or thing from which something originates or can be obtained.",A2,"Nouns;General",
speaker,/ˈspiː.kər/,"a person who speaks.",A2,"People;Nouns",
speech,/spiːtʃ/,"the expression of or the ability to express thoughts and feelings by articulate sounds.",A2,"Communication;Nouns",
speed,/spiːd/,"the rate at which someone or something moves or operates.",A2,"Nouns;Movement",
spider,/ˈspaɪ.dər/,"an eight-legged predatory arachnid with an unsegmented body consisting of a fused head and thorax and a rounded abdomen.",A2,"Animals;Nouns",
spoon,/spuːn/,"an implement consisting of a small shallow bowl, oval or round, at the end of a handle, used for eating, stirring, and serving food.",A2,"Objects;Food;Nouns",
square,/skweər/,"a plane figure with four equal straight sides and four right angles.",A2,"Adjectives;Nouns;Shapes",
stage,/steɪdʒ/,"a point, period, or step in a process or development.",A2,"Nouns;General",
stair,/steər/,"a set of steps leading from one floor of a building to another.",A2,"House;Objects;Nouns",
stamp,/stæmp/,"a small adhesive piece of paper stuck to something to show that an amount of money has been paid, in particular a postage stamp.",A2,"Objects;Nouns",
star,/stɑːr/,"to have a leading role in a film, play, or other production.",A2,"Verbs;Arts;Media",
start,/stɑːt/,"the point in time or space at which something begins.",A2,"Nouns;General",
state,/steɪt/,"the particular condition that someone or something is in at a specific time.",A2,"Nouns;General",
stay,/steɪ/,"a period of staying somewhere.",A2,"Nouns;Travel",
steal,/stiːl/,"to take another person's property without permission or legal right and without intending to return it.",A2,"Verbs;Actions",
step,/step/,"an act or movement of putting one leg in front of the other in walking or running.",A2,"Nouns;Movement",
stomach,/ˈstʌm.ək/,"the internal organ in which the major part of the digestion of food occurs.",A2,"Body Parts;Nouns",
stone,/stəʊn/,"hard solid non-metallic mineral matter of which rock is made.",A2,"Nature;Objects;Nouns",
store,/stɔːr/,"a shop of any size or kind.",A2,"Shopping;Places;Nouns",
storm,/stɔːm/,"a violent disturbance of the atmosphere with strong winds and usually rain, thunder, lightning, or snow.",A2,"Weather;Nature;Nouns",
straight,/streɪt/,"without a bend or curve.",A2,"Adverbs;Adjectives",
strange,/streɪndʒ/,"unusual or surprising; difficult to understand or explain.",A2,"Adjectives;Feelings",
strategy,/ˈstræt.ə.dʒi/,"a plan of action designed to achieve a long-term or overall aim.",A2,"Work;Business;Nouns",
stress,/stres/,"a state of mental or emotional strain or tension resulting from adverse or demanding circumstances.",A2,"Feelings;Health;Nouns",
structure,/ˈstrʌk.tʃər/,"the arrangement of and relations between the parts or elements of something complex.",A2,"Nouns;General",
stupid,/ˈstjuː.pɪd/,"having or showing a great lack of intelligence or common sense.",A2,"Adjectives;General",
succeed,/səkˈsiːd/,"to achieve the desired aim or result.",A2,"Verbs;Work",
successful,/səkˈses.fəl/,"accomplishing a desired aim or result.",A2,"Adjectives;Work",
such,/sʌtʃ/,"of the type previously mentioned.",A2,"Determiners;Grammar",
suddenly,/ˈsʌd.ən.li/,"quickly and unexpectedly.",A2,"Adverbs;Time",
suggest,/səˈdʒest/,"to put forward for consideration.",A2,"Verbs;Communication",
suggestion,/səˈdʒes.tʃən/,"an idea or plan put forward for consideration.",A2,"Nouns;Communication",
suit,/suːt/,"a set of outer clothes made of the same fabric and designed to be worn together, typically consisting of a jacket and trousers or a jacket and skirt.",A2,"Clothing;Nouns",
support,/səˈpɔːt/,"to bear all or part of the weight of; hold up.",A2,"Verbs;Actions",
suppose,/səˈpəʊz/,"to think that something is likely to be the case.",A2,"Verbs;Communication",
sure,/ʃɔːr/,"certainly (used for emphasis).",A2,"Adverbs;Grammar",
surprise,/səˈpraɪz/,"an unexpected or astonishing event, fact, etc.",A2,"Nouns;Feelings",
surprised,/səˈpraɪzd/,"feeling or showing surprise.",A2,"Adjectives;Feelings",
surprising,/səˈpraɪ.zɪŋ/,"causing surprise; unexpected.",A2,"Adjectives;Feelings",
survey,/ˈsɜː.veɪ/,"a general view, examination, or description of someone or something.",A2,"Nouns;Data;Work",
sweet,/swiːt/,"having the pleasant taste characteristic of sugar or honey; not salt, sour, or bitter.",A2,"Adjectives;Food",
symbol,/ˈsɪm.bəl/,"a thing that represents or stands for something else.",A2,"Nouns;Writing",
system,/ˈsɪs.təm/,"a set of things working together as parts of a mechanism or an interconnecting network.",A2,"Technology;Nouns",
tablet,/ˈtæb.lət/,"a small, flat, solid piece of medicine.",A2,"Health;Objects;Nouns",
talk,/tɔːk/,"a conversation or discussion.",A2,"Nouns;Communication",
target,/ˈtɑː.ɡɪt/,"a person, object, or place selected as the aim of an attack.",A2,"Nouns;General",
task,/tɑːsk/,"a piece of work to be done or undertaken.",A2,"Work;Nouns",
taste,/teɪst/,"the sensation of flavour perceived in the mouth and throat on contact with a substance.",A2,"Nouns;Feelings;Food",
teaching,/ˈtiː.tʃɪŋ/,"the occupation, profession, or work of a teacher.",A2,"Education;Work;Nouns",
technology,/tekˈnɒl.ə.dʒi/,"the application of scientific knowledge for practical purposes, especially in industry.",A2,"Technology;Nouns",
teenage,/ˈtiːn.eɪdʒ/,"relating to the years of a person's age from 13 to 19.",A2,"Adjectives;People",
temperature,/ˈtem.prə.tʃər/,"the degree or intensity of heat present in a substance or object.",A2,"Weather;Nouns",
term,/tɜːm/,"a word or phrase used to describe a thing or to express a concept, especially in a particular kind of language or branch of study.",A2,"Writing;Nouns",
text,/tekst/,"to send someone a text message.",A2,"Verbs;Communication;Technology",
themselves,/ðəmˈselvz/,"used as the object of a verb or preposition to refer to a group of people or things previously mentioned as the subject of the clause.",A2,"Pronouns;Grammar",
thick,/θɪk/,"with opposite sides or surfaces that are a great or specified distance apart.",A2,"Adjectives;Size",
thief,/θiːf/,"a person who steals another person's property.",A2,"People;Society;Nouns",
thin,/θɪn/,"with opposite sides or surfaces that are close together.",A2,"Adjectives;Size",
thinking,/ˈθɪŋ.kɪŋ/,"the process of using your mind to consider something carefully.",A2,"Nouns;General",
third,/θɜːd/,"one of three equal parts of something.",A2,"Nouns;Math",
thought,/θɔːt/,"an idea or opinion produced by thinking, or occurring suddenly in the mind.",A2,"Nouns;Communication",
throw,/θrəʊ/,"to propel something with force through the air by a movement of the arm and hand.",A2,"Verbs;Actions;Sports",
tidy,/ˈtaɪ.di/,"arranged neatly and in order.",A2,"Adjectives;House",
tie,/taɪ/,"to attach or fasten with string or a similar cord.",A2,"Verbs;Clothing",
tip,/tɪp/,"a small but useful piece of practical advice.",A2,"Nouns;Communication",
tool,/tuːl/,"a device or implement, especially one held in the hand, used to carry out a particular function.",A2,"Objects;Work;Nouns",
top,/tɒp/,"the highest or uppermost point, part, or surface of something.",A2,"Nouns;Adjectives",
touch,/tʌtʃ/,"to come into or be in contact with.",A2,"Verbs;Actions",
tour,/tʊər/,"a journey for pleasure in which several different places are visited.",A2,"Travel;Leisure;Nouns",
tourism,/ˈtʊə.rɪ.zəm/,"the commercial organization and operation of holidays and visits to places of interest.",A2,"Travel;Business;Nouns",
towards,/təˈwɔːdz/,"in the direction of.",A2,"Prepositions;Movement",
towel,/ˈtaʊ.əl/,"a piece of absorbent cloth or paper used for drying oneself or wiping things dry.",A2,"Objects;House;Nouns",
tower,/ˈtaʊ.ər/,"a tall, narrow building, either free-standing or forming part of a building such as a church or castle.",A2,"Buildings;Places;Nouns",
toy,/tɔɪ/,"an object for a child to play with.",A2,"Objects;Leisure;Nouns",
track,/træk/,"a rough path or road, typically one made by the passage of people or vehicles.",A2,"Nouns;Places",
tradition,/trəˈdɪʃ.ən/,"the transmission of customs or beliefs from generation to generation.",A2,"Society;Nouns",
traditional,/trəˈdɪʃ.ən.əl/,"existing in or as part of a tradition; long-established.",A2,"Adjectives;Society",
train,/treɪn/,"to teach a person or animal a particular skill or type of behaviour through practice and instruction over a period of time.",A2,"Verbs;Education;Work",
trainer,/ˈtreɪ.nər/,"a person who trains people or animals.",A2,"Professions;People;Sports",
training,/ˈtreɪ.nɪŋ/,"the action of teaching a person or animal a particular skill or type of behaviour.",A2,"Education;Work;Nouns",
transport,/ˈtræn.spɔːt/,"a system or means of conveying people or goods from place to place.",A2,"Transport;Nouns",
traveller,/ˈtræv.əl.ər/,"a person who is travelling or who often travels.",A2,"Travel;People;Nouns",
trouble,/ˈtrʌb.əl/,"difficulty or problems.",A2,"Nouns;General",
truck,/trʌk/,"a large, heavy motor vehicle used for transporting goods, materials, or troops.",A2,"Transport;Objects;Nouns",
twin,/twɪn/,"one of two children or animals born at the same birth.",A2,"Family;People;Nouns",
typical,/ˈtɪp.ɪ.kəl/,"having the distinctive qualities of a particular type of person or thing.",A2,"Adjectives;General",
underground,/ˌʌn.dəˈɡraʊnd/,"situated beneath the surface of the ground.",A2,"Adjectives;Transport;Places",
understanding,/ˌʌn.dəˈstæn.dɪŋ/,"the ability to understand something; comprehension.",A2,"Nouns;Communication",
unfortunately,/ʌnˈfɔː.tʃən.ət.li/,"it is unfortunate that.",A2,"Adverbs;Grammar",
unhappy,/ʌnˈhæp.i/,"not happy.",A2,"Adjectives;Feelings",
uniform,/ˈjuː.nɪ.fɔːm/,"the distinctive clothing worn by members of the same organization or body or by children attending certain schools.",A2,"Clothing;Nouns",
unit,/ˈjuː.nɪt/,"an individual thing or person regarded as single and complete but which can also form an individual component of a larger or more complex whole.",A2,"Nouns;General",
united,/juːˈnaɪ.tɪd/,"joined together politically, for a common purpose, or by common feelings.",A2,"Adjectives;Society",
unusual,/ʌnˈjuː.ʒu.əl/,"not habitually or commonly occurring or done.",A2,"Adjectives;General",
upstairs,/ˌʌpˈsteəz/,"of, on, or to an upper floor of a building.",A2,"Adjectives;House",
use,/juːs/,"the action of using something or the state of being used for a purpose.",A2,"Nouns;Actions",
used to,/ˈjuːst tuː/,"familiar with something or someone.",A2,"Modals;Verbs;Grammar",
user,/ˈjuː.zər/,"a person who uses or operates something, especially a computer or other machine.",A2,"People;Technology;Nouns",
usual,/ˈjuː.ʒu.əl/,"habitually or typically occurring or done; customary.",A2,"Adjectives;General",
valley,/ˈvæl.i/,"a low area of land between hills or mountains, typically with a river or stream flowing through it.",A2,"Geography;Nature;Places",
van,/væn/,"a medium-sized motor vehicle, typically without side windows in the rear part, for transporting goods.",A2,"Transport;Objects;Nouns",
variety,/vəˈraɪ.ə.ti/,"the quality or state of being different or diverse; the absence of uniformity or monotony.",A2,"Nouns;General",
vehicle,/ˈvɪə.kəl/,"a thing used for transporting people or goods, especially on land, such as a car, lorry, or cart.",A2,"Transport;Objects;Nouns",
view,/vjuː/,"the ability to see something or to be seen from a particular place.",A2,"Nouns;General",
virus,/ˈvaɪə.rəs/,"an infective agent that typically consists of a nucleic acid molecule in a protein coat, is too small to be seen by light microscopy, and is able to multiply only within the living cells of a host.",A2,"Health;Nouns",
voice,/vɔɪs/,"the sound produced in a person's larynx and uttered through the mouth, as speech or song.",A2,"Nouns;Body Parts;Communication",
wait,/weɪt/,"a period of waiting.",A2,"Nouns;Time",
war,/wɔːr/,"a state of armed conflict between different countries or different groups within a country.",A2,"Society;Events;Nouns",
wash,/wɒʃ/,"an act of washing something.",A2,"Nouns;Actions",
washing,/ˈwɒʃ.ɪŋ/,"a quantity of clothes, bedlinen, etc. that have been or are about to be washed.",A2,"Nouns;House",
wave,/weɪv/,"a long body of water curling into an arched form and breaking on the shore.",A2,"Nature;Nouns",
weak,/wiːk/,"lacking the power to perform physically demanding tasks; having little physical strength or energy.",A2,"Adjectives;Health",
web,/web/,"a network of fine threads constructed by a spider from fluid secreted by its spinnerets, used to catch its prey.",A2,"Nature;Technology;Nouns",
wedding,/ˈwed.ɪŋ/,"a marriage ceremony, especially one considered as including the associated celebrations.",A2,"Events;Family;Nouns",
weight,/weɪt/,"a body's relative mass or the quantity of matter contained by it, giving rise to a downward force; the heaviness of a person or thing.",A2,"Nouns;Health;Math",
welcome,/ˈwel.kəm/,"a greeting or reception.",A2,"Nouns;Phrases",
wet,/wet/,"covered or saturated with water or another liquid.",A2,"Adjectives;Weather",
wheel,/wiːl/,"a circular object that revolves on an axle and is fixed below a vehicle or other object to enable it to move easily over the ground.",A2,"Transport;Objects;Nouns",
while,/waɪl/,"during the time that; at the same time as.",A2,"Conjunctions;Grammar",
whole,/həʊl/,"all of; entire.",A2,"Adjectives;General",
whose,/huːz/,"belonging to or associated with which person.",A2,"Pronouns;Determiners;Grammar",
wide,/waɪd/,"of great or more than average width.",A2,"Adjectives;Size",
wild,/waɪld/,"(of an animal or plant) living or growing in the natural environment; not domesticated or cultivated.",A2,"Adjectives;Nature;Animals",
wind,/wɪnd/,"the perceptible natural movement of the air, especially in the form of a current of air blowing from a particular direction.",A2,"Weather;Nature;Nouns",
winner,/ˈwɪn.ər/,"a person or thing that wins something.",A2,"People;Nouns",
wish,/wɪʃ/,"to feel or express a strong desire or hope for something that is not easily attainable.",A2,"Verbs;Feelings",
wood,/wʊd/,"the hard fibrous material forming the main substance of the trunk or branches of a tree or shrub.",A2,"Nature;Objects;Nouns",
wooden,/ˈwʊd.ən/,"made of wood.",A2,"Adjectives;Objects",
working,/ˈwɜː.kɪŋ/,"relating to work or employment.",A2,"Adjectives;Work",
worried,/ˈwʌr.id/,"anxious or troubled about actual or potential problems.",A2,"Adjectives;Feelings",
worry,/ˈwʌr.i/,"to feel or cause to feel anxious or troubled about actual or potential problems.",A2,"Verbs;Feelings",
worse,/wɜːs/,"of poorer quality or lower standard.",A2,"Adjectives;General",
worst,/wɜːst/,"of the poorest quality or lowest standard.",A2,"Adjectives;General",
wow,/waʊ/,"expressing great surprise or admiration.",A2,"Interjections;Phrases",
yet,/jet/,"up until the present or a specified or implied time; by now or then.",A2,"Adverbs;Grammar",
yours,/jɔːz/,"used to refer to a thing or things belonging to or associated with the person or people that the speaker is addressing.",A2,"Pronouns;Grammar",
zero,/ˈzɪə.rəʊ/,"no quantity or number; nought; the figure 0.",A2,"Math;Nouns",
IT,/ˌaɪˈtiː/,"Information Technology.",B1,"Technology;Nouns;Abbreviations",
absolutely,/ˌæb.səˈluːt.li/,"with no qualification, restriction, or limitation; totally.",B1,"Adverbs;Grammar",
academic,/ˌæk.əˈdem.ɪk/,"relating to education and scholarship.",B1,"Adjectives;Education",
access,/ˈæk.ses/,"the means or opportunity to approach or enter a place.",B1,"Nouns;Verbs",
accommodation,/əˌkɒm.əˈdeɪ.ʃən/,"a room, group of rooms, or building in which someone may live or stay.",B1,"Places;House;Travel",
account,/əˈkaʊnt/,"a report or description of an event or experience.",B1,"Money;Nouns",
achievement,/əˈtʃiːv.mənt/,"a thing done successfully, typically by effort, courage, or skill.",B1,"Nouns;Work",
act,/ækt/,"a thing done; a deed.",B1,"Nouns;Actions",
ad,/æd/,"an advertisement.",B1,"Media;Business;Nouns",
addition,/əˈdɪʃ.ən/,"the action or process of adding something to something else.",B1,"Math;Nouns",
admire,/ədˈmaɪər/,"to regard an object, quality, or person with respect or warm approval.",B1,"Verbs;Feelings",
admit,/ədˈmɪt/,"to confess to be true or to be the case.",B1,"Verbs;Communication",
advanced,/ədˈvɑːnst/,"far on or ahead in development or progress.",B1,"Adjectives;General",
advise,/ədˈvaɪz/,"to offer suggestions about the best course of action to someone.",B1,"Verbs;Communication;Work",
afford,/əˈfɔːd/,"to have enough money to pay for.",B1,"Verbs;Money;Shopping",
age,/eɪdʒ/,"to grow old or older.",B1,"Verbs;Time",
aged,/eɪdʒd/,"of the age of.",B1,"Adjectives;Time",
agent,/ˈeɪ.dʒənt/,"a person who acts on behalf of another person or group.",B1,"Professions;People;Nouns",
agreement,/əˈɡriː.mənt/,"harmony or accordance in opinion or feeling.",B1,"Communication;Nouns",
ahead,/əˈhed/,"further forward in space; in the line of one's forward motion.",B1,"Adverbs;Movement",
aim,/eɪm/,"to point or direct a weapon or camera at a target.",B1,"Verbs;Actions",
alarm,/əˈlɑːm/,"an anxious awareness of danger.",B1,"Nouns;Feelings",
album,/ˈæl.bəm/,"a collection of recordings issued as a single item on CD, record, or another medium.",B1,"Music;Media;Objects",
alcohol,/ˈæl.kə.hɒl/,"a colourless volatile flammable liquid which is the intoxicating constituent of wine, beer, spirits, and other drinks.",B1,"Drinks;Nouns",
alcoholic,/ˌæl.kəˈhɒl.ɪk/,"containing or relating to alcohol.",B1,"Adjectives;Drinks",
alternative,/ɔːlˈtɜː.nə.tɪv/,"(of one or more things) available as another possibility.",B1,"Adjectives;General",
amazed,/əˈmeɪzd/,"greatly surprised; astonished.",B1,"Adjectives;Feelings",
ambition,/æmˈbɪʃ.ən/,"a strong desire to do or achieve something.",B1,"Nouns;Work;Feelings",
ambitious,/æmˈbɪʃ.əs/,"having or showing a strong desire and determination to succeed.",B1,"Adjectives;Work;Feelings",
analyse,/ˈæn.əl.aɪz/,"to examine something methodically and in detail, typically in order to explain and interpret it.",B1,"Verbs;Work;Data",
analysis,/əˈnæl.ə.sɪs/,"detailed examination of the elements or structure of something.",B1,"Nouns;Work;Data",
announce,/əˈnaʊns/,"to make a formal public statement about a fact, occurrence, or intention.",B1,"Verbs;Communication",
announcement,/əˈnaʊns.mənt/,"a formal public statement.",B1,"Nouns;Communication",
annoy,/əˈnɔɪ/,"to irritate or bother someone.",B1,"Verbs;Feelings",
annoyed,/əˈnɔɪd/,"slightly angry; irritated.",B1,"Adjectives;Feelings",
annoying,/əˈnɔɪ.ɪŋ/,"causing irritation or annoyance.",B1,"Adjectives;Feelings",
apart,/əˈpɑːt/,"(of two or more people or things) separated by a distance.",B1,"Adverbs;General",
apologize,/əˈpɒl.ə.dʒaɪz/,"to express regret for something that one has done wrong.",B1,"Verbs;Communication",
application,/ˌæp.lɪˈkeɪ.ʃən/,"a formal request to an authority for something.",B1,"Nouns;Work;Education",
appointment,/əˈpɔɪnt.mənt/,"an arrangement to meet someone at a particular time and place.",B1,"Nouns;Work;Events",
appreciate,/əˈpriː.ʃi.eɪt/,"to recognize the full worth of.",B1,"Verbs;Feelings",
approximately,/əˈprɒk.sɪ.mət.li/,"used to show that something is almost, but not completely, accurate or exact; roughly.",B1,"Adverbs;Math",
arrest,/əˈrest/,"to seize someone by legal authority and take them into custody.",B1,"Verbs;Society",
arrival,/əˈraɪ.vəl/,"the action or process of arriving.",B1,"Nouns;Travel;Movement",
assignment,/əˈsaɪn.mənt/,"a task or piece of work allocated to someone as part of a job or course of study.",B1,"Nouns;Work;Education",
assist,/əˈsɪst/,"to help someone, typically by doing a share of the work.",B1,"Verbs;Work;Actions",
atmosphere,/ˈæt.məs.fɪər/,"the pervading tone or mood of a place, situation, or work of art.",B1,"Nouns;General",
attach,/əˈtætʃ/,"to fasten; join.",B1,"Verbs;Actions",
attitude,/ˈæt.ɪ.tʃuːd/,"a settled way of thinking or feeling about someone or something.",B1,"Nouns;Feelings",
attract,/əˈtrækt/,"to cause to come to a place or participate in a venture by offering something of interest or advantage.",B1,"Verbs;Actions",
attraction,/əˈtræk.ʃən/,"the action or power of evoking interest in or liking for someone or something.",B1,"Nouns;Feelings",
authority,/ɔːˈθɒr.ə.ti/,"the power or right to give orders, make decisions, and enforce obedience.",B1,"Nouns;Society;Work",
average,/ˈæv.ər.ɪdʒ/,"to amount to or achieve as an average.",B1,"Verbs;Math",
award,/əˈwɔːd/,"to give or order the giving of something as an official payment, compensation, or prize to someone.",B1,"Verbs;Events",
aware,/əˈweər/,"having knowledge or perception of a situation or fact.",B1,"Adjectives;General",
backwards,/ˈbæk.wədz/,"directed behind or to the rear.",B1,"Adverbs;Movement",
bake,/beɪk/,"to cook food by dry heat without direct exposure to a flame, typically in an oven.",B1,"Verbs;Food;Actions",
balance,/ˈbæl.əns/,"an even distribution of weight enabling someone or something to remain upright and steady.",B1,"Nouns;Verbs",
ban,/bæn/,"to officially or legally prohibit.",B1,"Verbs;Society",
bank,/bæŋk/,"the land alongside or sloping down to a river or lake.",B1,"Nature;Geography;Places",
base,/beɪs/,"the lowest part or edge of something, especially the part on which it rests or is supported.",B1,"Nouns;General",
basic,/ˈbeɪ.sɪk/,"forming an essential foundation or starting point; fundamental.",B1,"Adjectives;General",
basis,/ˈbeɪ.sɪs/,"the underlying support or foundation for an idea, argument, or process.",B1,"Nouns;General",
battery,/ˈbæt.ər.i/,"a container consisting of one or more cells, in which chemical energy is converted into electricity and used as a source of power.",B1,"Technology;Objects;Nouns",
battle,/ˈbæt.əl/,"a sustained fight between large organized armed forces.",B1,"Events;Nouns",
beauty,/ˈbjuː.ti/,"a combination of qualities, such as shape, colour, or form, that pleases the aesthetic senses, especially the sight.",B1,"Nouns;Appearance",
bee,/biː/,"a stinging winged insect which collects nectar and pollen, produces wax and honey, and lives in large communities.",B1,"Animals;Nouns",
belief,/bɪˈliːf/,"an acceptance that something exists or is true, especially one without proof.",B1,"Nouns;Feelings",
bell,/bel/,"a hollow metal object, typically in the shape of a deep cup that is wide at the bottom, which makes a ringing sound when struck.",B1,"Objects;Music;Nouns",
bend,/bend/,"to shape or force something straight into a curve or angle.",B1,"Verbs;Shapes",
benefit,/ˈben.ɪ.fɪt/,"to receive an advantage; profit.",B1,"Verbs;General",
better,/ˈbet.ər/,"something of a higher standard or less poor quality.",B1,"Nouns;General",
bite,/baɪt/,"(of a person or animal) to use the teeth to cut into something in order to eat it.",B1,"Verbs;Actions;Food",
block,/blɒk/,"a large solid piece of hard material, especially rock, stone, or wood, typically with flat surfaces on each side.",B1,"Nouns;Objects",
board,/bɔːd/,"to get on or into a ship, aircraft, or other vehicle.",B1,"Verbs;Travel;Transport",
bomb,/bɒm/,"a container filled with explosive, incendiary material, smoke, gas, or other destructive substance, designed to explode on impact or when detonated by a timing, proximity, or remote-control device.",B1,"Objects;Nouns",
border,/ˈbɔː.dər/,"a line separating two countries, administrative divisions, or other areas.",B1,"Geography;Places;Nouns",
bother,/ˈbɒð.ər/,"to take the trouble to do something.",B1,"Verbs;Actions",
branch,/brɑːntʃ/,"a part of a tree which grows out from the trunk or from a bough.",B1,"Plants;Nature;Nouns",
brand,/brænd/,"a type of product manufactured by a particular company under a particular name.",B1,"Business;Shopping;Nouns",
brave,/breɪv/,"ready to face and endure danger or pain; showing courage.",B1,"Adjectives;Feelings",
breath,/breθ/,"the air taken into or expelled from the lungs.",B1,"Body Parts;Nouns",
breathe,/briːð/,"to take air into the lungs and then expel it.",B1,"Verbs;Health",
breathing,/ˈbriː.ðɪŋ/,"the process of taking air into and expelling it from the lungs.",B1,"Nouns;Health",
bride,/braɪd/,"a woman on her wedding day or just before and after the event.",B1,"People;Family;Events",
bubble,/ˈbʌb.əl/,"a thin sphere of liquid enclosing air or another gas.",B1,"Nouns;Objects",
bury,/ˈber.i/,"to put or hide under ground.",B1,"Verbs;Actions",
by,/baɪ/,"near to or next to.",B1,"Adverbs;Grammar",
calm,/kɑːm/,"not showing or feeling nervousness, anger, or other strong emotions.",B1,"Adjectives;Feelings",
campaign,/kæmˈpeɪn/,"an organized course of action to achieve a particular goal.",B1,"Work;Society;Nouns",
campus,/ˈkæm.pəs/,"the grounds and buildings of a university or college.",B1,"Education;Places;Nouns",
candidate,/ˈkæn.dɪ.dət/,"a person who applies for a job or is nominated for election.",B1,"Work;People;Nouns",
cap,/kæp/,"a kind of soft, flat hat, typically with a peak.",B1,"Clothing;Objects;Nouns",
captain,/ˈkæp.tɪn/,"the person in command of a ship or aircraft.",B1,"Professions;Transport;People",
careless,/ˈkeə.ləs/,"not giving sufficient attention or thought to avoiding harm or mistakes.",B1,"Adjectives;General",
category,/ˈkæt.ə.ɡər.i/,"a class or division of people or things regarded as having particular shared characteristics.",B1,"Nouns;General",
ceiling,/ˈsiː.lɪŋ/,"the upper interior surface of a room or other similar compartment.",B1,"House;Objects;Nouns",
celebration,/ˌsel.əˈbreɪ.ʃən/,"a social gathering or enjoyable activity held to celebrate something.",B1,"Events;Leisure;Nouns",
central,/ˈsen.trəl/,"of, at, or forming the centre.",B1,"Adjectives;Geography",
centre,/ˈsen.tər/,"to place in the middle.",B1,"Verbs;Actions",
ceremony,/ˈser.ɪ.mə.ni/,"a formal religious or public occasion, typically one celebrating a particular event or anniversary.",B1,"Events;Society;Nouns",
chain,/tʃeɪn/,"a series of connected links or rings, typically of metal.",B1,"Objects;Nouns",
challenge,/ˈtʃæl.ɪndʒ/,"a task or situation that tests someone's abilities.",B1,"Nouns;Verbs",
champion,/ˈtʃæm.pi.ən/,"a person who has defeated or surpassed all rivals in a competition, especially in sport.",B1,"People;Sports;Nouns",
channel,/ˈtʃæn.əl/,"a band of frequencies used in radio and television transmission, especially as used by a particular station.",B1,"Media;Nouns",
chapter,/ˈtʃæp.tər/,"a main division of a book, typically with a number or title.",B1,"Writing;Nouns",
charge,/tʃɑːdʒ/,"a price asked for goods or services.",B1,"Money;Shopping;Nouns",
cheap,/tʃiːp/,"at a low price.",B1,"Adverbs;Shopping",
cheat,/tʃiːt/,"to act dishonestly or unfairly in order to gain an advantage.",B1,"Verbs;Actions",
cheerful,/ˈtʃɪə.fəl/,"noticeably happy and optimistic.",B1,"Adjectives;Feelings",
chemical,/ˈkem.ɪ.kəl/,"relating to chemistry.",B1,"Adjectives;Education",
chest,/tʃest/,"the front surface of a person's or animal's body between the neck and the stomach.",B1,"Body Parts;Nouns",
childhood,/ˈtʃaɪld.hʊd/,"the state or period of being a child.",B1,"Nouns;Time;Family",
claim,/kleɪm/,"to state or assert that something is the case, typically without providing evidence or proof.",B1,"Verbs;Communication",
clause,/klɔːz/,"a unit of grammatical organization next below the sentence in rank and in traditional grammar said to consist of a subject and predicate.",B1,"Grammar;Writing;Nouns",
clear,/klɪər/,"to make or become free of obstructions.",B1,"Verbs;Actions",
click,/klɪk/,"to press a button on a computer mouse to select something.",B1,"Verbs;Technology;Actions",
client,/ˈklaɪ.ənt/,"a person or organization using the services of a lawyer or other professional person or company.",B1,"Work;Business;People",
climb,/klaɪm/,"an ascent, especially of a mountain or rock face.",B1,"Nouns;Movement;Sports",
close,/kləʊs/,"a short distance away or apart.",B1,"Adverbs;Prepositions",
cloth,/klɒθ/,"woven or felted fabric made from wool, cotton, or a similar fibre.",B1,"Objects;Nouns",
clue,/kluː/,"a piece of evidence or information used in the detection of a crime or solving of a mystery.",B1,"Nouns;General",
coach,/kəʊtʃ/,"to train or instruct a team or player.",B1,"Verbs;Work;Sports",
coal,/kəʊl/,"a combustible black or dark brown rock consisting mainly of carbonized plant matter, found mainly in underground deposits and widely used as fuel.",B1,"Nature;Objects;Nouns",
coin,/kɔɪn/,"a flat, typically round piece of metal with an official stamp, used as money.",B1,"Money;Objects;Nouns",
collection,/kəˈlek.ʃən/,"the action or process of collecting someone or something.",B1,"Nouns;Hobbies",
coloured,/ˈkʌl.əd/,"having a colour or colours, especially as opposed to being black, white, or neutral.",B1,"Adjectives;Colors",
combine,/kəmˈbaɪn/,"to unite; merge.",B1,"Verbs;Actions",
comment,/ˈkɒm.ent/,"to express an opinion or reaction.",B1,"Verbs;Communication",
commercial,/kəˈmɜː.ʃəl/,"concerned with or engaged in commerce.",B1,"Adjectives;Business",
commit,/kəˈmɪt/,"to carry out or perpetrate a mistake, crime, or immoral act.",B1,"Verbs;Actions",
communication,/kəˌmjuː.nɪˈkeɪ.ʃən/,"the imparting or exchanging of information by speaking, writing, or using some other medium.",B1,"Nouns;Communication",
comparison,/kəmˈpær.ɪ.sən/,"a consideration or estimate of the similarities or dissimilarities between two things or people.",B1,"Nouns;General",
competitive,/kəmˈpet.ɪ.tɪv/,"relating to or characterized by competition.",B1,"Adjectives;Sports;Business",
competitor,/kəmˈpet.ɪ.tər/,"a person who takes part in a sporting contest.",B1,"People;Sports;Nouns",
complaint,/kəmˈpleɪnt/,"a statement that a situation is unsatisfactory or unacceptable.",B1,"Nouns;Communication",
complex,/ˈkɒm.pleks/,"consisting of many different and connected parts.",B1,"Adjectives;General",
concentrate,/ˈkɒn.sən.treɪt/,"to focus all one's attention on a particular object or activity.",B1,"Verbs;Actions",
conclude,/kənˈkluːd/,"to bring something to an end.",B1,"Verbs;Actions",
conclusion,/kənˈkluː.ʒən/,"the end or finish of an event or process.",B1,"Nouns;General",
confident,/ˈkɒn.fɪ.dənt/,"feeling or showing confidence in oneself; self-assured.",B1,"Adjectives;Feelings",
confirm,/kənˈfɜːm/,"to establish the truth or correctness of something previously believed.",B1,"Verbs;Communication",
confused,/kənˈfjuːzd/,"unable to think clearly; bewildered.",B1,"Adjectives;Feelings",
connection,/kəˈnek.ʃən/,"a relationship in which a person, thing, or idea is linked or associated with something else.",B1,"Nouns;General",
consequence,/ˈkɒn.sɪ.kwəns/,"a result or effect of an action or condition.",B1,"Nouns;General",
consist,/kənˈsɪst/,"to be composed or made up of.",B1,"Verbs;General",
consume,/kənˈsjuːm/,"to eat, drink, or ingest food or drink.",B1,"Verbs;Food;Actions",
consumer,/kənˈsjuː.mər/,"a person who purchases goods and services for personal use.",B1,"People;Shopping;Nouns",
contact,/ˈkɒn.tækt/,"the state or condition of physical touching.",B1,"Nouns;Verbs;Communication",
container,/kənˈteɪ.nər/,"an object that can be used to hold or transport something.",B1,"Containers;Objects;Nouns",
content,/ˈkɒn.tent/,"the things that are held or included in something.",B1,"Nouns;General",
continuous,/kənˈtɪn.ju.əs/,"forming an unbroken whole; without interruption.",B1,"Adjectives;General",
contrast,/ˈkɒn.trɑːst/,"the state of being strikingly different from something else in juxtaposition or close association.",B1,"Nouns;Verbs",
convenient,/kənˈviː.ni.ənt/,"fitting in well with a person's needs, activities, and plans.",B1,"Adjectives;General",
convince,/kənˈvɪns/,"to cause someone to believe firmly in the truth of something.",B1,"Verbs;Communication",
cool,/kuːl/,"to become or cause to become less hot.",B1,"Verbs;Weather",
costume,/ˈkɒs.tjuːm/,"a set of clothes in a style typical of a particular country or historical period.",B1,"Clothing;Nouns",
cottage,/ˈkɒt.ɪdʒ/,"a small house, typically one in the country.",B1,"House;Places;Nouns",
cotton,/ˈkɒt.ən/,"a soft white fibrous substance which surrounds the seeds of the cotton plant and is made into textile fibre and thread for sewing.",B1,"Plants;Nouns",
count,/kaʊnt/,"a single number in a sequence of counting.",B1,"Nouns;Math",
countryside,/ˈkʌn.tri.saɪd/,"the land and scenery of a rural area.",B1,"Nature;Geography;Places",
court,/kɔːt/,"a quadrangular area, either open or covered, marked out for ball games such as tennis.",B1,"Sports;Places;Nouns",
cover,/ˈkʌv.ər/,"a thing which lies on, over, or around something, especially in order to protect or conceal it.",B1,"Nouns;Objects",
covered,/ˈkʌv.əd/,"put something on top of or in front of (something), especially in order to protect or conceal it.",B1,"Adjectives;General",
cream,/kriːm/,"of a yellowish-white colour.",B1,"Adjectives;Colors",
criminal,/ˈkrɪm.ɪ.nəl/,"relating to crime.",B1,"Adjectives;Society",
cruel,/ˈkruː.əl/,"wilfully causing pain or suffering to others, or feeling no concern about it.",B1,"Adjectives;Feelings",
cultural,/ˈkʌl.tʃər.əl/,"relating to the ideas, customs, and social behaviour of a society.",B1,"Adjectives;Society",
currency,/ˈkʌr.ən.si/,"a system of money in general use in a particular country.",B1,"Money;Nouns",
current,/ˈkʌr.ənt/,"belonging to the present time; happening or being used or done now.",B1,"Adjectives;Time",
currently,/ˈkʌr.ənt.li/,"at the present time.",B1,"Adverbs;Time",
curtain,/ˈkɜː.tən/,"a piece of material suspended at the top to form a covering or screen, typically one of a pair at a window.",B1,"House;Objects;Nouns",
custom,/ˈkʌs.təm/,"a traditional and widely accepted way of behaving or doing something that is specific to a particular society, place, or time.",B1,"Society;Nouns",
cut,/kʌt/,"a wound or injury which has been caused by a sharp-edged tool or object.",B1,"Nouns;Health",
daily,/ˈdeɪ.li/,"every day.",B1,"Adverbs;Time",
damage,/ˈdæm.ɪdʒ/,"physical harm caused to something in such a way as to impair its value, usefulness, or normal function.",B1,"Nouns;Verbs",
deal,/diːl/,"an agreement entered into by two or more parties for their mutual benefit, especially in a business or political context.",B1,"Nouns;Business",
decade,/ˈdek.eɪd/,"a period of ten years.",B1,"Time;Nouns",
decorate,/ˈdek.ə.reɪt/,"to make something look more attractive by adding extra items or images to it.",B1,"Verbs;Arts;House",
deep,/diːp/,"far down or in.",B1,"Adverbs;Size",
define,/dɪˈfaɪn/,"to state or describe exactly the nature, scope, or meaning of.",B1,"Verbs;Communication;Writing",
definite,/ˈdef.ɪ.nət/,"clearly stated or decided; not vague or doubtful.",B1,"Adjectives;General",
definition,/ˌdef.ɪˈnɪʃ.ən/,"a statement of the exact meaning of a word, especially in a dictionary.",B1,"Writing;Communication;Nouns",
deliver,/dɪˈlɪv.ər/,"to bring and hand over a letter, parcel, or goods to the proper recipient or address.",B1,"Verbs;Actions",
departure,/dɪˈpɑː.tʃər/,"the action of leaving, especially to start a journey.",B1,"Travel;Movement;Nouns",
despite,/dɪˈspaɪt/,"without being affected by; in spite of.",B1,"Prepositions;Grammar",
destination,/ˌdes.tɪˈneɪ.ʃən/,"the place to which someone or something is going or being sent.",B1,"Travel;Places;Nouns",
determine,/dɪˈtɜː.mɪn/,"to discover or establish the truth, accuracy, or reality of something.",B1,"Verbs;Actions",
determined,/dɪˈtɜː.mɪnd/,"having made a firm decision and being resolved not to change it.",B1,"Adjectives;Feelings",
development,/dɪˈvel.əp.mənt/,"the process of developing or being developed.",B1,"Nouns;General",
diagram,/ˈdaɪ.ə.ɡræm/,"a simplified drawing showing the appearance, structure, or workings of something; a schematic representation.",B1,"Arts;Writing;Nouns",
diamond,/ˈdaɪə.mənd/,"a precious stone consisting of a clear and colourless crystalline form of pure carbon, the hardest naturally occurring substance.",B1,"Objects;Nouns",
difficulty,/ˈdɪf.ɪ.kəl.ti/,"a thing that is hard to accomplish, deal with, or understand.",B1,"Nouns;General",
direct,/daɪˈrekt/,"to control the operations of; manage or govern.",B1,"Verbs;Work",
directly,/daɪˈrekt.li/,"without changing direction or stopping.",B1,"Adverbs;Movement",
dirt,/dɜːt/,"a substance, such as mud or dust, that soils someone or something.",B1,"Nouns;General",
disadvantage,/ˌdɪs.ədˈvɑːn.tɪdʒ/,"an unfavourable circumstance or condition that reduces the chances of success or effectiveness.",B1,"Nouns;General",
disappointed,/ˌdɪs.əˈpɔɪn.tɪd/,"sad or displeased because someone or something has failed to fulfil one's hopes or expectations.",B1,"Adjectives;Feelings",
disappointing,/ˌdɪs.əˈpɔɪn.tɪŋ/,"failing to fulfil someone's hopes or expectations.",B1,"Adjectives;Feelings",
discount,/ˈdɪs.kaʊnt/,"a deduction from the usual cost of something.",B1,"Money;Shopping;Nouns",
dislike,/dɪsˈlaɪk/,"to feel distaste for or hostility towards.",B1,"Verbs;Feelings",
divide,/dɪˈvaɪd/,"to separate or be separated into parts.",B1,"Verbs;Math",
documentary,/ˌdɒk.jəˈmen.tər.i/,"a film or television or radio programme that provides a factual report on a particular subject.",B1,"Media;Nouns",
donate,/dəʊˈneɪt/,"to give money or goods for a good cause, for example to a charity.",B1,"Verbs;Money;Society",
double,/ˈdʌb.əl/,"twice as much or as many.",B1,"Adverbs;Math",
doubt,/daʊt/,"a feeling of uncertainty or lack of conviction.",B1,"Nouns;Feelings",
dressed,/drest/,"wearing clothes of a particular type.",B1,"Adjectives;Clothing",
drop,/drɒp/,"a small round or pear-shaped portion of liquid that hangs or falls or adheres to a surface.",B1,"Nouns;General",
drum,/drʌm/,"a percussion instrument sounded by being struck with sticks or the hands.",B1,"Music;Objects;Nouns",
drunk,/drʌŋk/,"affected by alcohol to the extent of losing control of one's faculties or behaviour.",B1,"Adjectives;Health",
due,/dʒuː/,"expected at or planned for at a certain time.",B1,"Adjectives;Time",
dust,/dʌst/,"fine, dry powder consisting of tiny particles of earth or waste matter lying on the ground or on surfaces or carried in the air.",B1,"Nouns;General",
duty,/ˈdʒuː.ti/,"a moral or legal obligation; a responsibility.",B1,"Nouns;Work;Society",
earthquake,/ˈɜːθ.kweɪk/,"a sudden violent shaking of the ground, typically causing great destruction, as a result of movements within the earth's crust or volcanic action.",B1,"Nature;Events;Nouns",
eastern,/ˈiː.stən/,"situated in, directed towards, or facing the east.",B1,"Adjectives;Geography",
economic,/ˌiː.kəˈnɒm.ɪk/,"relating to economics or the economy.",B1,"Adjectives;Business;Money",
economy,/iˈkɒn.ə.mi/,"the state of a country or region in terms of the production and consumption of goods and services and the supply of money.",B1,"Business;Money;Nouns",
edge,/edʒ/,"the outside limit of an object, area, or surface.",B1,"Nouns;General",
editor,/ˈed.ɪ.tər/,"a person who is in charge of and determines the final content of a newspaper, magazine, or multi-author book.",B1,"Professions;Media;People",
educate,/ˈedʒ.u.keɪt/,"to give intellectual, moral, and social instruction to someone.",B1,"Verbs;Education",
educated,/ˈedʒ.u.keɪ.tɪd/,"having been educated.",B1,"Adjectives;Education",
educational,/ˌedʒ.uˈkeɪ.ʃən.əl/,"relating to the provision of education.",B1,"Adjectives;Education",
effective,/ɪˈfek.tɪv/,"successful in producing a desired or intended result.",B1,"Adjectives;General",
effectively,/ɪˈfek.tɪv.li/,"in such a manner as to achieve a desired result.",B1,"Adverbs;General",
effort,/ˈef.ət/,"a vigorous or determined attempt.",B1,"Nouns;Work",
election,/iˈlek.ʃən/,"a formal and organized choice by vote of a person for a political office or other position.",B1,"Society;Events;Nouns",
element,/ˈel.ɪ.mənt/,"a part or aspect of something abstract, especially one that is essential or characteristic.",B1,"Nouns;General",
embarrassed,/ɪmˈbær.əst/,"feeling awkward, self-conscious, or ashamed.",B1,"Adjectives;Feelings",
embarrassing,/ɪmˈbær.ə.sɪŋ/,"causing embarrassment.",B1,"Adjectives;Feelings",

